"product_id","product_name","brand","price","currency","category","sub_category","color","product_url","image_url"
"45863461FB","Large Bracelet Hobo bag in grained leather","CHLOE","3890","USD","llbgs","Shoulder bag","Dark Khaki","https://www.chloe.comhttps://www.chloe.com/us/shoulder-bag_cod45863461fb.html",""
"45863460IE","Large Bracelet Hobo bag in grained leather","CHLOE","3890","USD","llbgs","Shoulder bag","Black","https://www.chloe.comhttps://www.chloe.com/us/shoulder-bag_cod45863460ie.html",""
"45863463SF","Small Bracelet Hobo bag in grained leather","CHLOE","2850","USD","llbgs","Shoulder bag","Clay Brown","https://www.chloe.comhttps://www.chloe.com/us/shoulder-bag_cod45863463sf.html",""
"45863462RP","Small Bracelet Hobo bag in grained leather","CHLOE","2850","USD","llbgs","Shoulder bag","Black","https://www.chloe.comhttps://www.chloe.com/us/shoulder-bag_cod45863462rp.html",""
"45863464LJ","Small Bracelet Hobo bag in grained leather","CHLOE","2850","USD","llbgs","Shoulder bag","WOODROSE","https://www.chloe.comhttps://www.chloe.com/us/shoulder-bag_cod45863464lj.html","https://www.chloe.com/product_image/45863464LJ/f/w282.jpg"
"45863449QS","Chain Horse shoulder bag in soft leather","CHLOE","4600","USD","llbgs","Shoulder bag","Dark Khaki","https://www.chloe.comhttps://www.chloe.com/us/shoulder-bag_cod45863449qs.html","https://www.chloe.com/product_image/45863449QS/f/w282.jpg"
"45863421LX","Large Woody basket in fair-trade natural fibers","CHLOE","950","USD","llbgs","Tote bag","","https://www.chloe.comhttps://www.chloe.com/us/tote-bag_cod45863421lx.html","https://www.chloe.com/product_image/45863421LX/f/w282.jpg"
"45863422BT","Large Woody basket in fair-trade natural fibers","CHLOE","950","USD","llbgs","Tote bag","DARK NUT","https://www.chloe.comhttps://www.chloe.com/us/tote-bag_cod45863422bt.html","https://www.chloe.com/product_image/45863422BT/f/w282.jpg"
"45851856HI","Large Woody basket in natural fibers","CHLOE","990","USD","llbgs","Tote bag","Light Gold","https://www.chloe.comhttps://www.chloe.com/us/tote-bag_cod45851856hi.html","https://www.chloe.com/product_image/45851856HI/f/w282.jpg"
"45851855RK","Large Woody basket in natural fibers","CHLOE","990","USD","llbgs","Tote bag","","https://www.chloe.comhttps://www.chloe.com/us/tote-bag_cod45851855rk.html","https://www.chloe.com/product_image/45851855RK/f/w282.jpg"
"45822930PM","Small Woody tote bag in natural fibers","CHLOE","850","USD","llbgs","Tote bag","BLUSHY BEIGE","https://www.chloe.comhttps://www.chloe.com/us/tote-bag_cod45822930pm.html","https://www.chloe.com/product_image/45822930PM/f/w282.jpg"
"45863424VG","Small Woody basket in fair-trade natural fibers","CHLOE","850","USD","llbgs","Tote bag","DARK NUT","https://www.chloe.comhttps://www.chloe.com/us/tote-bag_cod45863424vg.html","https://www.chloe.com/product_image/45863424VG/f/w282.jpg"
"45863497UV","Small Paraty 24 bag in soft leather","CHLOE","2390","USD","llbgs","Hand bag","SWEET BEIGE","https://www.chloe.comhttps://www.chloe.com/us/hand-bag_cod45863497uv.html","https://www.chloe.com/product_image/45863497UV/f/w282.jpg"
"45863499WF","Small Paraty 24 bag in soft leather","CHLOE","2390","USD","llbgs","Hand bag","WOODROSE","https://www.chloe.comhttps://www.chloe.com/us/hand-bag_cod45863499wf.html","https://www.chloe.com/product_image/45863499WF/f/w282.jpg"
"45863496OO","Small Paraty 24 bag in soft leather","CHLOE","2390","USD","llbgs","Hand bag","Black","https://www.chloe.comhttps://www.chloe.com/us/hand-bag_cod45863496oo.html","https://www.chloe.com/product_image/45863496OO/f/w282.jpg"
"45863498TR","Small Paraty 24 bag in soft leather","CHLOE","2390","USD","llbgs","Hand bag","Clay Brown","https://www.chloe.comhttps://www.chloe.com/us/hand-bag_cod45863498tr.html","https://www.chloe.com/product_image/45863498TR/f/w282.jpg"
"45863450LB","Large Camera bag in soft leather","CHLOE","3790","USD","llbgs","Shoulder bag","Black","https://www.chloe.comhttps://www.chloe.com/us/shoulder-bag_cod45863450lb.html","https://www.chloe.com/product_image/45863450LB/f/w282.jpg"
"45863451HV","Large Camera bag in soft leather","CHLOE","3790","USD","llbgs","Shoulder bag","Dark Khaki","https://www.chloe.comhttps://www.chloe.com/us/shoulder-bag_cod45863451hv.html","https://www.chloe.com/product_image/45863451HV/f/w282.jpg"
"45863455TJ","Small Camera bag in soft leather","CHLOE","2350","USD","llbgs","Shoulder bag","Black","https://www.chloe.comhttps://www.chloe.com/us/shoulder-bag_cod45863455tj.html","https://www.chloe.com/product_image/45863455TJ/f/w282.jpg"
"45863456HA","Small Camera bag in soft leather","CHLOE","2350","USD","llbgs","Shoulder bag","SWEET BEIGE","https://www.chloe.comhttps://www.chloe.com/us/shoulder-bag_cod45863456ha.html","https://www.chloe.com/product_image/45863456HA/f/w282.jpg"
"45863457ED","Small Camera bag in soft leather","CHLOE","2350","USD","llbgs","Shoulder bag","Clay Brown","https://www.chloe.comhttps://www.chloe.com/us/shoulder-bag_cod45863457ed.html","https://www.chloe.com/product_image/45863457ED/f/w282.jpg"
"45863454RU","Camera bag in soft leather","CHLOE","2990","USD","llbgs","Shoulder bag","Clay Brown","https://www.chloe.comhttps://www.chloe.com/us/shoulder-bag_cod45863454ru.html","https://www.chloe.com/product_image/45863454RU/f/w282.jpg"
"45863452FA","Camera bag in soft leather","CHLOE","2990","USD","llbgs","Shoulder bag","Black","https://www.chloe.comhttps://www.chloe.com/us/shoulder-bag_cod45863452fa.html","https://www.chloe.com/product_image/45863452FA/f/w282.jpg"
"45863453KV","Camera bag in soft leather","CHLOE","2990","USD","llbgs","Shoulder bag","SWEET BEIGE","https://www.chloe.comhttps://www.chloe.com/us/shoulder-bag_cod45863453kv.html","https://www.chloe.com/product_image/45863453KV/f/w282.jpg"
"45863461FB","Large Bracelet Hobo bag in grained leather","CHLOE","3890","USD","llbgs","Shoulder bag","Dark Khaki","https://www.chloe.comhttps://www.chloe.com/us/shoulder-bag_cod45863461fb.html",""
"45863460IE","Large Bracelet Hobo bag in grained leather","CHLOE","3890","USD","llbgs","Shoulder bag","Black","https://www.chloe.comhttps://www.chloe.com/us/shoulder-bag_cod45863460ie.html",""
"45863463SF","Small Bracelet Hobo bag in grained leather","CHLOE","2850","USD","llbgs","Shoulder bag","Clay Brown","https://www.chloe.comhttps://www.chloe.com/us/shoulder-bag_cod45863463sf.html",""
"45863462RP","Small Bracelet Hobo bag in grained leather","CHLOE","2850","USD","llbgs","Shoulder bag","Black","https://www.chloe.comhttps://www.chloe.com/us/shoulder-bag_cod45863462rp.html",""
"45863464LJ","Small Bracelet Hobo bag in grained leather","CHLOE","2850","USD","llbgs","Shoulder bag","WOODROSE","https://www.chloe.comhttps://www.chloe.com/us/shoulder-bag_cod45863464lj.html","https://www.chloe.com/product_image/45863464LJ/f/w282.jpg"
"45863449QS","Chain Horse shoulder bag in soft leather","CHLOE","4600","USD","llbgs","Shoulder bag","Dark Khaki","https://www.chloe.comhttps://www.chloe.com/us/shoulder-bag_cod45863449qs.html","https://www.chloe.com/product_image/45863449QS/f/w282.jpg"
"45863421LX","Large Woody basket in fair-trade natural fibers","CHLOE","950","USD","llbgs","Tote bag","","https://www.chloe.comhttps://www.chloe.com/us/tote-bag_cod45863421lx.html","https://www.chloe.com/product_image/45863421LX/f/w282.jpg"
"45863422BT","Large Woody basket in fair-trade natural fibers","CHLOE","950","USD","llbgs","Tote bag","DARK NUT","https://www.chloe.comhttps://www.chloe.com/us/tote-bag_cod45863422bt.html","https://www.chloe.com/product_image/45863422BT/f/w282.jpg"
"45851856HI","Large Woody basket in natural fibers","CHLOE","990","USD","llbgs","Tote bag","Light Gold","https://www.chloe.comhttps://www.chloe.com/us/tote-bag_cod45851856hi.html","https://www.chloe.com/product_image/45851856HI/f/w282.jpg"
"45851855RK","Large Woody basket in natural fibers","CHLOE","990","USD","llbgs","Tote bag","","https://www.chloe.comhttps://www.chloe.com/us/tote-bag_cod45851855rk.html","https://www.chloe.com/product_image/45851855RK/f/w282.jpg"
"45822930PM","Small Woody tote bag in natural fibers","CHLOE","850","USD","llbgs","Tote bag","BLUSHY BEIGE","https://www.chloe.comhttps://www.chloe.com/us/tote-bag_cod45822930pm.html","https://www.chloe.com/product_image/45822930PM/f/w282.jpg"
"45863424VG","Small Woody basket in fair-trade natural fibers","CHLOE","850","USD","llbgs","Tote bag","DARK NUT","https://www.chloe.comhttps://www.chloe.com/us/tote-bag_cod45863424vg.html","https://www.chloe.com/product_image/45863424VG/f/w282.jpg"
"45863497UV","Small Paraty 24 bag in soft leather","CHLOE","2390","USD","llbgs","Hand bag","SWEET BEIGE","https://www.chloe.comhttps://www.chloe.com/us/hand-bag_cod45863497uv.html","https://www.chloe.com/product_image/45863497UV/f/w282.jpg"
"45863499WF","Small Paraty 24 bag in soft leather","CHLOE","2390","USD","llbgs","Hand bag","WOODROSE","https://www.chloe.comhttps://www.chloe.com/us/hand-bag_cod45863499wf.html","https://www.chloe.com/product_image/45863499WF/f/w282.jpg"
"45863496OO","Small Paraty 24 bag in soft leather","CHLOE","2390","USD","llbgs","Hand bag","Black","https://www.chloe.comhttps://www.chloe.com/us/hand-bag_cod45863496oo.html","https://www.chloe.com/product_image/45863496OO/f/w282.jpg"
"45863498TR","Small Paraty 24 bag in soft leather","CHLOE","2390","USD","llbgs","Hand bag","Clay Brown","https://www.chloe.comhttps://www.chloe.com/us/hand-bag_cod45863498tr.html","https://www.chloe.com/product_image/45863498TR/f/w282.jpg"
"45863450LB","Large Camera bag in soft leather","CHLOE","3790","USD","llbgs","Shoulder bag","Black","https://www.chloe.comhttps://www.chloe.com/us/shoulder-bag_cod45863450lb.html","https://www.chloe.com/product_image/45863450LB/f/w282.jpg"
"45863451HV","Large Camera bag in soft leather","CHLOE","3790","USD","llbgs","Shoulder bag","Dark Khaki","https://www.chloe.comhttps://www.chloe.com/us/shoulder-bag_cod45863451hv.html","https://www.chloe.com/product_image/45863451HV/f/w282.jpg"
"45863455TJ","Small Camera bag in soft leather","CHLOE","2350","USD","llbgs","Shoulder bag","Black","https://www.chloe.comhttps://www.chloe.com/us/shoulder-bag_cod45863455tj.html","https://www.chloe.com/product_image/45863455TJ/f/w282.jpg"
"45863456HA","Small Camera bag in soft leather","CHLOE","2350","USD","llbgs","Shoulder bag","SWEET BEIGE","https://www.chloe.comhttps://www.chloe.com/us/shoulder-bag_cod45863456ha.html","https://www.chloe.com/product_image/45863456HA/f/w282.jpg"
"45863457ED","Small Camera bag in soft leather","CHLOE","2350","USD","llbgs","Shoulder bag","Clay Brown","https://www.chloe.comhttps://www.chloe.com/us/shoulder-bag_cod45863457ed.html","https://www.chloe.com/product_image/45863457ED/f/w282.jpg"
"45863454RU","Camera bag in soft leather","CHLOE","2990","USD","llbgs","Shoulder bag","Clay Brown","https://www.chloe.comhttps://www.chloe.com/us/shoulder-bag_cod45863454ru.html","https://www.chloe.com/product_image/45863454RU/f/w282.jpg"
"45863452FA","Camera bag in soft leather","CHLOE","2990","USD","llbgs","Shoulder bag","Black","https://www.chloe.comhttps://www.chloe.com/us/shoulder-bag_cod45863452fa.html","https://www.chloe.com/product_image/45863452FA/f/w282.jpg"
"45863453KV","Camera bag in soft leather","CHLOE","2990","USD","llbgs","Shoulder bag","SWEET BEIGE","https://www.chloe.comhttps://www.chloe.com/us/shoulder-bag_cod45863453kv.html","https://www.chloe.com/product_image/45863453KV/f/w282.jpg"
"45863491VM","Paraty 24 bag in soft leather","CHLOE","3390","USD","llbgs","Hand bag","Black","https://www.chloe.comhttps://www.chloe.com/us/hand-bag_cod45863491vm.html",""
"45863492FQ","Paraty 24 bag in soft leather","CHLOE","3390","USD","llbgs","Hand bag","SWEET BEIGE","https://www.chloe.comhttps://www.chloe.com/us/hand-bag_cod45863492fq.html",""
"45863426TL","Woody tote bag in linen","CHLOE","1450","USD","llbgs","Tote bag","DARK NUT","https://www.chloe.comhttps://www.chloe.com/us/tote-bag_cod45863426tl.html",""
"45863425BB","Woody tote bag in linen","CHLOE","1450","USD","llbgs","Tote bag","WILD GREY","https://www.chloe.comhttps://www.chloe.com/us/tote-bag_cod45863425bb.html",""
"45800270SQ","Woody tote bag in linen","CHLOE","1290","USD","llbgs","Tote bag","Cement Pink","https://www.chloe.comhttps://www.chloe.com/us/tote-bag_cod45800270sq.html","https://www.chloe.com/product_image/45800270SQ/f/w282.jpg"
"45822919XR","Woody tote bag in linen","CHLOE","1290","USD","llbgs","Tote bag","MUSK GREY","https://www.chloe.comhttps://www.chloe.com/us/tote-bag_cod45822919xr.html","https://www.chloe.com/product_image/45822919XR/f/w282.jpg"
"45626763HK","Large Woody basket in natural fibers","CHLOE","890","USD","llbgs","Tote bag","White","https://www.chloe.comhttps://www.chloe.com/us/tote-bag_cod45626763hk.html","https://www.chloe.com/product_image/45626763HK/f/w282.jpg"
"45779076CV","Large Woody tote bag in natural fibers","CHLOE","950","USD","llbgs","Tote bag","BLACK - BEIGE 1","https://www.chloe.comhttps://www.chloe.com/us/tote-bag_cod45779076cv.html","https://www.chloe.com/product_image/45779076CV/f/w282.jpg"
"45822929RD","Large Woody basket in natural fibers","CHLOE","950","USD","llbgs","Tote bag","BLUSHY BEIGE","https://www.chloe.comhttps://www.chloe.com/us/tote-bag_cod45822929rd.html","https://www.chloe.com/product_image/45822929RD/f/w282.jpg"
"45626764QW","Small Woody basket in natural fibers","CHLOE","790","USD","llbgs","Tote bag","White","https://www.chloe.comhttps://www.chloe.com/us/tote-bag_cod45626764qw.html","https://www.chloe.com/product_image/45626764QW/f/w282.jpg"
"45863423GD","Small Woody basket in natural fibers","CHLOE","850","USD","llbgs","Tote bag","WILD GREY","https://www.chloe.comhttps://www.chloe.com/us/tote-bag_cod45863423gd.html","https://www.chloe.com/product_image/45863423GD/f/w282.jpg"
"45779079FL","Small Woody tote bag in natural fibers","CHLOE","850","USD","llbgs","Tote bag","BLACK - BEIGE 1","https://www.chloe.comhttps://www.chloe.com/us/tote-bag_cod45779079fl.html","https://www.chloe.com/product_image/45779079FL/f/w282.jpg"
"45851859BP","Small Woody basket in natural fibers","CHLOE","950","USD","llbgs","Tote bag","GOLD COLOR","https://www.chloe.comhttps://www.chloe.com/us/tote-bag_cod45851859bp.html","https://www.chloe.com/product_image/45851859BP/f/w282.jpg"
"45863488QH","The 99 shoulder bag in grained leather","CHLOE","1990","USD","llbgs","Shoulder bag","SWEET BEIGE","https://www.chloe.comhttps://www.chloe.com/us/shoulder-bag_cod45863488qh.html","https://www.chloe.com/product_image/45863488QH/f/w282.jpg"
"45863489UG","The 99 shoulder bag in grained leather","CHLOE","1990","USD","llbgs","Shoulder bag","Clay Brown","https://www.chloe.comhttps://www.chloe.com/us/shoulder-bag_cod45863489ug.html","https://www.chloe.com/product_image/45863489UG/f/w282.jpg"
"45863487HK","The 99 shoulder bag in grained leather","CHLOE","1990","USD","llbgs","Shoulder bag","Dark Khaki","https://www.chloe.comhttps://www.chloe.com/us/shoulder-bag_cod45863487hk.html","https://www.chloe.com/product_image/45863487HK/f/w282.jpg"
"45863490TO","The 99 shoulder bag in grained leather","CHLOE","1990","USD","llbgs","Shoulder bag","DIMNESS PURPLE","https://www.chloe.comhttps://www.chloe.com/us/shoulder-bag_cod45863490to.html","https://www.chloe.com/product_image/45863490TO/f/w282.jpg"
"45863486VN","The 99 shoulder bag in grained leather","CHLOE","1990","USD","llbgs","Shoulder bag","Black","https://www.chloe.comhttps://www.chloe.com/us/shoulder-bag_cod45863486vn.html","https://www.chloe.com/product_image/45863486VN/f/w282.jpg"
"45863494CV","Paraty 24 bag in soft leather","CHLOE","3390","USD","llbgs","Hand bag","DEEP BEIGE","https://www.chloe.comhttps://www.chloe.com/us/hand-bag_cod45863494cv.html","https://www.chloe.com/product_image/45863494CV/f/w282.jpg"
"45863493LG","Paraty 24 bag in soft leather","CHLOE","3390","USD","llbgs","Hand bag","SOOTY BROWN","https://www.chloe.comhttps://www.chloe.com/us/hand-bag_cod45863493lg.html","https://www.chloe.com/product_image/45863493LG/f/w282.jpg"
"45863495JN","Paraty 24 bag in soft leather","CHLOE","3390","USD","llbgs","Hand bag","DIMNESS PURPLE","https://www.chloe.comhttps://www.chloe.com/us/hand-bag_cod45863495jn.html","https://www.chloe.com/product_image/45863495JN/f/w282.jpg"
"45863484FG","Cape bag in grained leather","CHLOE","3090","USD","llbgs","Shoulder bag","Black","https://www.chloe.comhttps://www.chloe.com/us/shoulder-bag_cod45863484fg.html","https://www.chloe.com/product_image/45863484FG/f/w282.jpg"
"45863485CS","Cape bag in grained leather","CHLOE","3090","USD","llbgs","Shoulder bag","SWEET BEIGE","https://www.chloe.comhttps://www.chloe.com/us/shoulder-bag_cod45863485cs.html","https://www.chloe.com/product_image/45863485CS/f/w282.jpg"
"45863444GR","Mini crossbody Cape bag in grained leather","CHLOE","1560","USD","llbgs","Mini bag","Black","https://www.chloe.comhttps://www.chloe.com/us/mini-bag_cod45863444gr.html","https://www.chloe.com/product_image/45863444GR/f/w282.jpg"
"45863445NJ","Mini crossbody Cape bag in grained leather","CHLOE","1560","USD","llbgs","Mini bag","Clay Brown","https://www.chloe.comhttps://www.chloe.com/us/mini-bag_cod45863445nj.html",""
"45863466OK","Small Marcie hobo bag in grained leather","CHLOE","2090","USD","llbgs","Shoulder bag","MISTY IVORY","https://www.chloe.comhttps://www.chloe.com/us/shoulder-bag_cod45863466ok.html",""
"45863468CA","Small Marcie hobo bag in grained leather","CHLOE","2090","USD","llbgs","Shoulder bag","Cement Pink","https://www.chloe.comhttps://www.chloe.com/us/shoulder-bag_cod45863468ca.html",""
"45863467KH","Small Marcie hobo bag in grained leather","CHLOE","2090","USD","llbgs","Shoulder bag","Tan","https://www.chloe.comhttps://www.chloe.com/us/shoulder-bag_cod45863467kh.html",""
"45863469DR","Small Marcie hobo bag in soft leather","CHLOE","2090","USD","llbgs","Shoulder bag","Black","https://www.chloe.comhttps://www.chloe.com/us/shoulder-bag_cod45863469dr.html","https://www.chloe.com/product_image/45863469DR/f/w282.jpg"
"45863476IS","Marcie saddle bag in grained leather","CHLOE","1850","USD","llbgs","Shoulder bag","Cement Pink","https://www.chloe.comhttps://www.chloe.com/us/shoulder-bag_cod45863476is.html","https://www.chloe.com/product_image/45863476IS/f/w282.jpg"
"45863475GE","Marcie saddle bag in grained leather","CHLOE","1850","USD","llbgs","Shoulder bag","","https://www.chloe.comhttps://www.chloe.com/us/shoulder-bag_cod45863475ge.html","https://www.chloe.com/product_image/45863475GE/f/w282.jpg"
"45863474HF","Marcie saddle bag in grained leather","CHLOE","1850","USD","llbgs","Shoulder bag","Dark Khaki","https://www.chloe.comhttps://www.chloe.com/us/shoulder-bag_cod45863474hf.html","https://www.chloe.com/product_image/45863474HF/f/w282.jpg"
"45863473OS","Marcie saddle bag in grained leather","CHLOE","1850","USD","llbgs","Shoulder bag","Black","https://www.chloe.comhttps://www.chloe.com/us/shoulder-bag_cod45863473os.html","https://www.chloe.com/product_image/45863473OS/f/w282.jpg"
"45686267GG","Woody tote bag in linen","CHLOE","1290","USD","llbgs","Tote bag","WHITE - BROWN 1","https://www.chloe.comhttps://www.chloe.com/us/tote-bag_cod45686267gg.html","https://www.chloe.com/product_image/45686267GG/f/w282.jpg"
"45779085UC","Woody tote bag in linen","CHLOE","1450","USD","llbgs","Tote bag","BLUSHY BEIGE","https://www.chloe.comhttps://www.chloe.com/us/tote-bag_cod45779085uc.html","https://www.chloe.com/product_image/45779085UC/f/w282.jpg"
"45851862TU","Woody tote bag in linen","CHLOE","1390","USD","llbgs","Tote bag","Light Gold","https://www.chloe.comhttps://www.chloe.com/us/tote-bag_cod45851862tu.html","https://www.chloe.com/product_image/45851862TU/f/w282.jpg"
"45851833UU","Woody tote bag in linen","CHLOE","1290","USD","llbgs","Tote bag","ARGIL BROWN","https://www.chloe.comhttps://www.chloe.com/us/tote-bag_cod45851833uu.html","https://www.chloe.com/product_image/45851833UU/f/w282.jpg"
"45686265AQ","Large Woody tote bag in linen","CHLOE","1550","USD","llbgs","Tote bag","WHITE - BROWN 1","https://www.chloe.comhttps://www.chloe.com/us/tote-bag_cod45686265aq.html","https://www.chloe.com/product_image/45686265AQ/f/w282.jpg"
"45686266DQ","Large Woody tote bag in linen","CHLOE","1550","USD","llbgs","Tote bag","White - Blue 1","https://www.chloe.comhttps://www.chloe.com/us/tote-bag_cod45686266dq.html","https://www.chloe.com/product_image/45686266DQ/f/w282.jpg"
"45741548RL","Large Woody tote bag in soft leather","CHLOE","2090","USD","llbgs","Tote bag","Caramel","https://www.chloe.comhttps://www.chloe.com/us/tote-bag_cod45741548rl.html","https://www.chloe.com/product_image/45741548RL/f/w282.jpg"
"45682322OK","Large Woody tote bag in soft leather","CHLOE","2090","USD","llbgs","Tote bag","Black","https://www.chloe.comhttps://www.chloe.com/us/tote-bag_cod45682322ok.html","https://www.chloe.com/product_image/45682322OK/f/w282.jpg"
"45851842AB","Small Woody tote bag in linen","CHLOE","1390","USD","llbgs","Tote bag","SOFT TAN","https://www.chloe.comhttps://www.chloe.com/us/tote-bag_cod45851842ab.html","https://www.chloe.com/product_image/45851842AB/f/w282.jpg"
"45863428BR","Small Woody tote bag in linen","CHLOE","1390","USD","llbgs","Tote bag","DARK NUT","https://www.chloe.comhttps://www.chloe.com/us/tote-bag_cod45863428br.html","https://www.chloe.com/product_image/45863428BR/f/w282.jpg"
"45779089CR","Small Woody tote bag in linen","CHLOE","1390","USD","llbgs","Tote bag","BLUSHY BEIGE","https://www.chloe.comhttps://www.chloe.com/us/tote-bag_cod45779089cr.html","https://www.chloe.com/product_image/45779089CR/f/w282.jpg"
"45863427JI","Small Woody tote bag in linen","CHLOE","1390","USD","llbgs","Tote bag","WILD GREY","https://www.chloe.comhttps://www.chloe.com/us/tote-bag_cod45863427ji.html","https://www.chloe.com/product_image/45863427JI/f/w282.jpg"
"45863481PQ","Woody tube shoulder bag in linen & soft leather","CHLOE","1290","USD","llbgs","Shoulder bag","WILD GREY","https://www.chloe.comhttps://www.chloe.com/us/shoulder-bag_cod45863481pq.html","https://www.chloe.com/product_image/45863481PQ/f/w282.jpg"
"45863482VC","Woody tube shoulder bag in linen & soft leather","CHLOE","1290","USD","llbgs","Shoulder bag","BLUSHY BEIGE","https://www.chloe.comhttps://www.chloe.com/us/shoulder-bag_cod45863482vc.html","https://www.chloe.com/product_image/45863482VC/f/w282.jpg"
"45863480IF","Woody tube shoulder bag in linen & soft leather","CHLOE","1250","USD","llbgs","Shoulder bag","WHITE - BROWN 1","https://www.chloe.comhttps://www.chloe.com/us/shoulder-bag_cod45863480if.html","https://www.chloe.com/product_image/45863480IF/f/w282.jpg"
"45863483OE","Woody tube shoulder bag in grained leather","CHLOE","1450","USD","llbgs","Shoulder bag","SWEET BEIGE","https://www.chloe.comhttps://www.chloe.com/us/shoulder-bag_cod45863483oe.html",""
"45851841KU","Woody tote bag in linen","CHLOE","1450","USD","llbgs","Tote bag","","https://www.chloe.comhttps://www.chloe.com/us/tote-bag_cod45851841ku.html",""
"45780847BX","Woody tote bag in soft leather","CHLOE","1990","USD","llbgs","Tote bag","Cement Pink","https://www.chloe.comhttps://www.chloe.com/us/tote-bag_cod45780847bx.html",""
"45741549PL","Woody tote bag in soft leather","CHLOE","1990","USD","llbgs","Tote bag","Black","https://www.chloe.comhttps://www.chloe.com/us/tote-bag_cod45741549pl.html",""
"45682328XP","Small Woody tote bag in soft leather","CHLOE","1850","USD","llbgs","Tote bag","Caramel","https://www.chloe.comhttps://www.chloe.com/us/tote-bag_cod45682328xp.html","https://www.chloe.com/product_image/45682328XP/f/w282.jpg"
"45711595PR","Small Woody tote bag in soft leather","CHLOE","1850","USD","llbgs","Tote bag","White","https://www.chloe.comhttps://www.chloe.com/us/tote-bag_cod45711595pr.html","https://www.chloe.com/product_image/45711595PR/f/w282.jpg"
"45741243CW","Small Woody tote bag in soft leather","CHLOE","1850","USD","llbgs","Tote bag","Cement Pink","https://www.chloe.comhttps://www.chloe.com/us/tote-bag_cod45741243cw.html","https://www.chloe.com/product_image/45741243CW/f/w282.jpg"
"45822920IF","Small Woody tote bag in linen","CHLOE","1250","USD","llbgs","Tote bag","MUSK GREY","https://www.chloe.comhttps://www.chloe.com/us/tote-bag_cod45822920if.html","https://www.chloe.com/product_image/45822920IF/f/w282.jpg"
"45686269JI","Small Woody tote bag in linen","CHLOE","1250","USD","llbgs","Tote bag","WHITE - BROWN 1","https://www.chloe.comhttps://www.chloe.com/us/tote-bag_cod45686269ji.html","https://www.chloe.com/product_image/45686269JI/f/w282.jpg"
"45863442HB","Mini Woody North South tote bag in linen","CHLOE","880","USD","llbgs","Mini bag","WHITE - BROWN 1","https://www.chloe.comhttps://www.chloe.com/us/mini-bag_cod45863442hb.html","https://www.chloe.com/product_image/45863442HB/f/w282.jpg"
"45863443OL","Mini Woody North South tote bag in linen","CHLOE","990","USD","llbgs","Mini bag","BLUSHY BEIGE","https://www.chloe.comhttps://www.chloe.com/us/mini-bag_cod45863443ol.html","https://www.chloe.com/product_image/45863443OL/f/w282.jpg"
"45660136VH","Mini Woody tote bag in linen","CHLOE","880","USD","llbgs","Mini bag","WHITE - BROWN 1","https://www.chloe.comhttps://www.chloe.com/us/mini-bag_cod45660136vh.html","https://www.chloe.com/product_image/45660136VH/f/w282.jpg"
"45778959AB","Mini Woody tote bag in linen","CHLOE","880","USD","llbgs","Mini bag","Cement Pink","https://www.chloe.comhttps://www.chloe.com/us/mini-bag_cod45778959ab.html","https://www.chloe.com/product_image/45778959AB/f/w282.jpg"
"45851849DA","Mini Woody tote bag in linen","CHLOE","880","USD","llbgs","Mini bag","BLUSHY BEIGE","https://www.chloe.comhttps://www.chloe.com/us/mini-bag_cod45851849da.html","https://www.chloe.com/product_image/45851849DA/f/w282.jpg"
"45863501NK","Mini Woody tote bag in linen & leather","CHLOE","880","USD","llbgs","Mini bag","WILD GREY","https://www.chloe.comhttps://www.chloe.com/us/mini-bag_cod45863501nk.html","https://www.chloe.com/product_image/45863501NK/f/w282.jpg"
"45711599WV","Mini Woody tote bag in soft leather","CHLOE","1550","USD","llbgs","Mini bag","Black","https://www.chloe.comhttps://www.chloe.com/us/mini-bag_cod45711599wv.html","https://www.chloe.com/product_image/45711599WV/f/w282.jpg"
"45711600ES","Mini Woody tote bag in soft leather","CHLOE","1550","USD","llbgs","Mini bag","White","https://www.chloe.comhttps://www.chloe.com/us/mini-bag_cod45711600es.html","https://www.chloe.com/product_image/45711600ES/f/w282.jpg"
"45711601NH","Mini Woody tote bag in soft leather","CHLOE","1550","USD","llbgs","Mini bag","Caramel","https://www.chloe.comhttps://www.chloe.com/us/mini-bag_cod45711601nh.html","https://www.chloe.com/product_image/45711601NH/f/w282.jpg"
"45660134CI","Nano Woody tote bag in linen","CHLOE","670","USD","llbgs","Mini bag","WHITE - BROWN 1","https://www.chloe.comhttps://www.chloe.com/us/mini-bag_cod45660134ci.html","https://www.chloe.com/product_image/45660134CI/f/w282.jpg"
"45851848MR","Marcie hobo bag in grained leather","CHLOE","2390","USD","llbgs","Hand bag","MISTY IVORY","https://www.chloe.comhttps://www.chloe.com/us/hand-bag_cod45851848mr.html","https://www.chloe.com/product_image/45851848MR/f/w282.jpg"
"45855493ET","Marcie hobo bag in grained leather","CHLOE","2390","USD","llbgs","Hand bag","Motty Grey","https://www.chloe.comhttps://www.chloe.com/us/hand-bag_cod45855493et.html","https://www.chloe.com/product_image/45855493ET/f/w282.jpg"
"45823318MH","Marcie hobo bag in grained leather","CHLOE","2390","USD","llbgs","Hand bag","DARK NUT","https://www.chloe.comhttps://www.chloe.com/us/hand-bag_cod45823318mh.html","https://www.chloe.com/product_image/45823318MH/f/w282.jpg"
"45863470BK","Marcie hobo bag in soft leather","CHLOE","2390","USD","llbgs","Shoulder bag","Clay Brown","https://www.chloe.comhttps://www.chloe.com/us/shoulder-bag_cod45863470bk.html","https://www.chloe.com/product_image/45863470BK/f/w282.jpg"
"45863500RW","Marcie hobo bag in grained leather","CHLOE","2390","USD","llbgs","Hand bag","Dark Khaki","https://www.chloe.comhttps://www.chloe.com/us/hand-bag_cod45863500rw.html","https://www.chloe.com/product_image/45863500RW/f/w282.jpg"
"45823314CI","Marcie hobo bag in grained leather","CHLOE","2390","USD","llbgs","Hand bag","Black","https://www.chloe.comhttps://www.chloe.com/us/hand-bag_cod45823314ci.html",""
"45863471OS","Marcie bag in soft leather","CHLOE","2690","USD","llbgs","Hand bag","Clay Brown","https://www.chloe.comhttps://www.chloe.com/us/hand-bag_cod45863471os.html",""
"45863472RI","Marcie bag in soft leather","CHLOE","2690","USD","llbgs","Hand bag","Black","https://www.chloe.comhttps://www.chloe.com/us/hand-bag_cod45863472ri.html",""
"45863413EN","Marcie bag in grained leather","CHLOE","2690","USD","llbgs","Hand bag","DIMNESS PURPLE","https://www.chloe.comhttps://www.chloe.com/us/hand-bag_cod45863413en.html",""
"45660620DN","Marcie bag in grained leather","CHLOE","2690","USD","llbgs","Hand bag","Light Tan","https://www.chloe.comhttps://www.chloe.com/us/hand-bag_cod45660620dn.html","https://www.chloe.com/product_image/45660620DN/f/w282.jpg"
"45661614DK","Marcie bag in grained leather","CHLOE","2690","USD","llbgs","Hand bag","Cashmere Grey","https://www.chloe.comhttps://www.chloe.com/us/hand-bag_cod45661614dk.html","https://www.chloe.com/product_image/45661614DK/f/w282.jpg"
"45661616FT","Marcie bag in grained leather","CHLOE","2690","USD","llbgs","Hand bag","Tan","https://www.chloe.comhttps://www.chloe.com/us/hand-bag_cod45661616ft.html","https://www.chloe.com/product_image/45661616FT/f/w282.jpg"
"45661613OG","Marcie bag in grained leather","CHLOE","2690","USD","llbgs","Hand bag","Black","https://www.chloe.comhttps://www.chloe.com/us/hand-bag_cod45661613og.html","https://www.chloe.com/product_image/45661613OG/f/w282.jpg"
"45711450SV","Small Marcie bag in grained leather","CHLOE","2390","USD","llbgs","Hand bag","White","https://www.chloe.comhttps://www.chloe.com/us/hand-bag_cod45711450sv.html","https://www.chloe.com/product_image/45711450SV/f/w282.jpg"
"45863412OK","Small Marcie bag in grained leather","CHLOE","2390","USD","llbgs","Hand bag","Cement Pink","https://www.chloe.comhttps://www.chloe.com/us/hand-bag_cod45863412ok.html","https://www.chloe.com/product_image/45863412OK/f/w282.jpg"
"45863465WR","Small Marcie bag in soft leather","CHLOE","2390","USD","llbgs","Hand bag","DEEP BEIGE","https://www.chloe.comhttps://www.chloe.com/us/hand-bag_cod45863465wr.html","https://www.chloe.com/product_image/45863465WR/f/w282.jpg"
"45822921HU","Small Marcie bag in grained leather","CHLOE","2390","USD","llbgs","Hand bag","Light Tan","https://www.chloe.comhttps://www.chloe.com/us/hand-bag_cod45822921hu.html","https://www.chloe.com/product_image/45822921HU/f/w282.jpg"
"45851835NC","Small Marcie bag in grained leather","CHLOE","2390","USD","llbgs","Hand bag","TERRACOTTA PINK","https://www.chloe.comhttps://www.chloe.com/us/hand-bag_cod45851835nc.html","https://www.chloe.com/product_image/45851835NC/f/w282.jpg"
"45741206AT","Small Marcie bag in grained leather","CHLOE","2390","USD","llbgs","Hand bag","MILKY BROWN","https://www.chloe.comhttps://www.chloe.com/us/hand-bag_cod45741206at.html","https://www.chloe.com/product_image/45741206AT/f/w282.jpg"
"45661612FE","Small Marcie bag in grained leather","CHLOE","2390","USD","llbgs","Hand bag","Tan","https://www.chloe.comhttps://www.chloe.com/us/hand-bag_cod45661612fe.html","https://www.chloe.com/product_image/45661612FE/f/w282.jpg"
"45661611RN","Small Marcie bag in grained leather","CHLOE","2390","USD","llbgs","Hand bag","Cashmere Grey","https://www.chloe.comhttps://www.chloe.com/us/hand-bag_cod45661611rn.html","https://www.chloe.com/product_image/45661611RN/f/w282.jpg"
"45863411WS","Small Marcie bag in grained leather","CHLOE","2390","USD","llbgs","Hand bag","Dark Khaki","https://www.chloe.comhttps://www.chloe.com/us/hand-bag_cod45863411ws.html","https://www.chloe.com/product_image/45863411WS/f/w282.jpg"
"45661610FI","Small Marcie bag in grained leather","CHLOE","2390","USD","llbgs","Hand bag","Black","https://www.chloe.comhttps://www.chloe.com/us/hand-bag_cod45661610fi.html","https://www.chloe.com/product_image/45661610FI/f/w282.jpg"
"45741540IU","Small Marcie bag in grained leather","CHLOE","2390","USD","llbgs","Hand bag","Navy","https://www.chloe.comhttps://www.chloe.com/us/hand-bag_cod45741540iu.html","https://www.chloe.com/product_image/45741540IU/f/w282.jpg"
"45711707AC","Small Marcie saddle bag in grained leather","CHLOE","1350","USD","llbgs","Hand bag","Crystal White","https://www.chloe.comhttps://www.chloe.com/us/hand-bag_cod45711707ac.html","https://www.chloe.com/product_image/45711707AC/f/w282.jpg"
"45863416HV","Small Marcie saddle bag in grained leather","CHLOE","1450","USD","llbgs","Hand bag","Cement Pink","https://www.chloe.comhttps://www.chloe.com/us/hand-bag_cod45863416hv.html","https://www.chloe.com/product_image/45863416HV/f/w282.jpg"
"45863477BF","Small Marcie saddle bag in soft leather","CHLOE","1450","USD","llbgs","Shoulder bag","DEEP BEIGE","https://www.chloe.comhttps://www.chloe.com/us/shoulder-bag_cod45863477bf.html","https://www.chloe.com/product_image/45863477BF/f/w282.jpg"
"45660629GS","Small Marcie saddle bag in grained leather","CHLOE","1450","USD","llbgs","Hand bag","Light Tan","https://www.chloe.comhttps://www.chloe.com/us/hand-bag_cod45660629gs.html","https://www.chloe.com/product_image/45660629GS/f/w282.jpg"
"45822923WM","Small Marcie saddle bag in grained leather","CHLOE","1450","USD","llbgs","Hand bag","FLORAL GREY","https://www.chloe.comhttps://www.chloe.com/us/hand-bag_cod45822923wm.html","https://www.chloe.com/product_image/45822923WM/f/w282.jpg"
"45661714IQ","Small Marcie saddle bag in grained leather","CHLOE","1450","USD","llbgs","Hand bag","Tan","https://www.chloe.comhttps://www.chloe.com/us/hand-bag_cod45661714iq.html",""
"45741210KE","Small Marcie saddle bag in grained leather","CHLOE","1450","USD","llbgs","Hand bag","MILKY BROWN","https://www.chloe.comhttps://www.chloe.com/us/hand-bag_cod45741210ke.html",""
"45822784MX","Marcie small saddle bag","CHLOE","1450","USD","llbgs","Hand bag","TAWNY ORANGE","https://www.chloe.comhttps://www.chloe.com/us/hand-bag_cod45822784mx.html",""
"45863414QA","Small Marcie saddle bag in grained leather","CHLOE","1450","USD","llbgs","Hand bag","Dark Khaki","https://www.chloe.comhttps://www.chloe.com/us/hand-bag_cod45863414qa.html",""
"45661618HB","Small Marcie saddle bag in grained leather","CHLOE","1450","USD","llbgs","Hand bag","Cashmere Grey","https://www.chloe.comhttps://www.chloe.com/us/hand-bag_cod45661618hb.html","https://www.chloe.com/product_image/45661618HB/f/w282.jpg"
"45863415DU","Small Marcie saddle bag in grained leather","CHLOE","1450","USD","llbgs","Hand bag","DIMNESS PURPLE","https://www.chloe.comhttps://www.chloe.com/us/hand-bag_cod45863415du.html","https://www.chloe.com/product_image/45863415DU/f/w282.jpg"
"45661617WT","Small Marcie saddle bag in grained leather","CHLOE","1450","USD","llbgs","Hand bag","Black","https://www.chloe.comhttps://www.chloe.com/us/hand-bag_cod45661617wt.html","https://www.chloe.com/product_image/45661617WT/f/w282.jpg"
"45779117LL","Marcie chain flap bag in leather","CHLOE","2250","USD","llbgs","Shoulder bag","MISTY IVORY","https://www.chloe.comhttps://www.chloe.com/us/shoulder-bag_cod45779117ll.html","https://www.chloe.com/product_image/45779117LL/f/w282.jpg"
"45863458FQ","Marcie chain flap bag in grained leather","CHLOE","2250","USD","llbgs","Shoulder bag","ARGIL BROWN","https://www.chloe.comhttps://www.chloe.com/us/shoulder-bag_cod45863458fq.html","https://www.chloe.com/product_image/45863458FQ/f/w282.jpg"
"45824749NE","Marcie chain flap bag in leather","CHLOE","2290","USD","llbgs","Shoulder bag","WOODROSE","https://www.chloe.comhttps://www.chloe.com/us/shoulder-bag_cod45824749ne.html","https://www.chloe.com/product_image/45824749NE/f/w282.jpg"
"45824748KW","Marcie chain flap bag in leather","CHLOE","2290","USD","llbgs","Shoulder bag","Black","https://www.chloe.comhttps://www.chloe.com/us/shoulder-bag_cod45824748kw.html","https://www.chloe.com/product_image/45824748KW/f/w282.jpg"
"45863479LQ","Small Marcie saddle bag in linen & soft leather","CHLOE","1450","USD","llbgs","Shoulder bag","Sepia Brown","https://www.chloe.comhttps://www.chloe.com/us/shoulder-bag_cod45863479lq.html","https://www.chloe.com/product_image/45863479LQ/f/w282.jpg"
"45863478QM","Small Marcie saddle bag in linen & soft leather","CHLOE","1450","USD","llbgs","Shoulder bag","Black","https://www.chloe.comhttps://www.chloe.com/us/shoulder-bag_cod45863478qm.html","https://www.chloe.com/product_image/45863478QM/f/w282.jpg"
"45779121QW","Marcie bucket bag in grained leather","CHLOE","2290","USD","llbgs","Shoulder bag","Tan","https://www.chloe.comhttps://www.chloe.com/us/shoulder-bag_cod45779121qw.html","https://www.chloe.com/product_image/45779121QW/f/w282.jpg"
"45863459RR","Marcie bucket bag in soft leather","CHLOE","2290","USD","llbgs","Shoulder bag","Black","https://www.chloe.comhttps://www.chloe.com/us/shoulder-bag_cod45863459rr.html","https://www.chloe.com/product_image/45863459RR/f/w282.jpg"
"45779120OG","Marcie bucket bag in grained leather","CHLOE","2290","USD","llbgs","Shoulder bag","MISTY IVORY","https://www.chloe.comhttps://www.chloe.com/us/shoulder-bag_cod45779120og.html","https://www.chloe.com/product_image/45779120OG/f/w282.jpg"
"45823158ML","Marcie bucket bag in grained leather","CHLOE","2290","USD","llbgs","Shoulder bag","Nomad Beige","https://www.chloe.comhttps://www.chloe.com/us/shoulder-bag_cod45823158ml.html","https://www.chloe.com/product_image/45823158ML/f/w282.jpg"
"45822647GQ","Marcie bucket bag in grained leather","CHLOE","2290","USD","llbgs","Shoulder bag","DARK NUT","https://www.chloe.comhttps://www.chloe.com/us/shoulder-bag_cod45822647gq.html","https://www.chloe.com/product_image/45822647GQ/f/w282.jpg"
"45779119XT","Marcie bucket bag in grained leather","CHLOE","2290","USD","llbgs","Shoulder bag","Black","https://www.chloe.comhttps://www.chloe.com/us/shoulder-bag_cod45779119xt.html","https://www.chloe.com/product_image/45779119XT/f/w282.jpg"
"45863447EE","Mini Marcie flap bag in leather","CHLOE","1550","USD","llbgs","Mini bag","Cement Pink","https://www.chloe.comhttps://www.chloe.com/us/mini-bag_cod45863447ee.html","https://www.chloe.com/product_image/45863447EE/f/w282.jpg"
"45863446NP","Mini Marcie flap bag in leather","CHLOE","1550","USD","llbgs","Mini bag","Light Tan","https://www.chloe.comhttps://www.chloe.com/us/mini-bag_cod45863446np.html","https://www.chloe.com/product_image/45863446NP/f/w282.jpg"
"45823174WE","Mini Marcie vanity on chain in grained leather","CHLOE","1450","USD","llbgs","Mini bag","Cement Pink","https://www.chloe.comhttps://www.chloe.com/us/mini-bag_cod45823174we.html","https://www.chloe.com/product_image/45823174WE/f/w282.jpg"
"45823173BM","Mini Marcie vanity on chain in grained leather","CHLOE","1450","USD","llbgs","Mini bag","Tan","https://www.chloe.comhttps://www.chloe.com/us/mini-bag_cod45823173bm.html","https://www.chloe.com/product_image/45823173BM/f/w282.jpg"
"45855491EX","Mini Marcie vanity on chain in grained leather","CHLOE","1450","USD","llbgs","Mini bag","Black","https://www.chloe.comhttps://www.chloe.com/us/mini-bag_cod45855491ex.html","https://www.chloe.com/product_image/45855491EX/f/w282.jpg"
"45779061RW","Micro Marcie bucket bag in grained leather","CHLOE","1450","USD","llbgs","Mini bag","Black","https://www.chloe.comhttps://www.chloe.com/us/mini-bag_cod45779061rw.html",""
"45801890JN","Micro Marcie bucket bag in grained leather","CHLOE","1450","USD","llbgs","Mini bag","Tan","https://www.chloe.comhttps://www.chloe.com/us/mini-bag_cod45801890jn.html",""
"45779062XK","Micro Marcie bucket bag in grained leather","CHLOE","1450","USD","llbgs","Mini bag","MISTY IVORY","https://www.chloe.comhttps://www.chloe.com/us/mini-bag_cod45779062xk.html",""
"45863419CS","Small Tess bag in shiny & suede leather","CHLOE","2450","USD","llbgs","Shoulder bag","SWEET BEIGE","https://www.chloe.comhttps://www.chloe.com/us/shoulder-bag_cod45863419cs.html",""
"45686048US","Small Tess bag in shiny and suede leather","CHLOE","2450","USD","llbgs","Shoulder bag","Light Tan","https://www.chloe.comhttps://www.chloe.com/us/shoulder-bag_cod45686048us.html","https://www.chloe.com/product_image/45686048US/f/w282.jpg"
"45626755NC","Small Tess bag in shiny and suede leather","CHLOE","2450","USD","llbgs","Shoulder bag","Sepia Brown","https://www.chloe.comhttps://www.chloe.com/us/shoulder-bag_cod45626755nc.html","https://www.chloe.com/product_image/45626755NC/f/w282.jpg"
"45626754TT","Small Tess bag in shiny and suede leather","CHLOE","2450","USD","llbgs","Shoulder bag","Motty Grey","https://www.chloe.comhttps://www.chloe.com/us/shoulder-bag_cod45626754tt.html","https://www.chloe.com/product_image/45626754TT/f/w282.jpg"
"45863418WR","Small Tess bag in shiny & suede leather","CHLOE","2450","USD","llbgs","Shoulder bag","Dark Khaki","https://www.chloe.comhttps://www.chloe.com/us/shoulder-bag_cod45863418wr.html","https://www.chloe.com/product_image/45863418WR/f/w282.jpg"
"45863420GN","Small Tess bag in shiny & suede leather","CHLOE","2450","USD","llbgs","Shoulder bag","Burnt Brown","https://www.chloe.comhttps://www.chloe.com/us/shoulder-bag_cod45863420gn.html","https://www.chloe.com/product_image/45863420GN/f/w282.jpg"
"45626753KJ","Small Tess bag in shiny and suede leather","CHLOE","2450","USD","llbgs","Shoulder bag","Black","https://www.chloe.comhttps://www.chloe.com/us/shoulder-bag_cod45626753kj.html","https://www.chloe.com/product_image/45626753KJ/f/w282.jpg"
"45686046EA","Mini Tess day bag in grained & soft leather","CHLOE","2290","USD","llbgs","Shoulder bag","Light Tan","https://www.chloe.comhttps://www.chloe.com/us/shoulder-bag_cod45686046ea.html","https://www.chloe.com/product_image/45686046EA/f/w282.jpg"
"45626751CK","Mini Tess day bag in grained & soft leather","CHLOE","2290","USD","llbgs","Shoulder bag","Motty Grey","https://www.chloe.comhttps://www.chloe.com/us/shoulder-bag_cod45626751ck.html","https://www.chloe.com/product_image/45626751CK/f/w282.jpg"
"45626750AV","Mini Tess day bag in grained & soft leather","CHLOE","2290","USD","llbgs","Shoulder bag","Black","https://www.chloe.comhttps://www.chloe.com/us/shoulder-bag_cod45626750av.html","https://www.chloe.com/product_image/45626750AV/f/w282.jpg"
"45851852NQ","Mini Chloé basket with chain in natural fibers","CHLOE","990","USD","llbgs","Shoulder bag","Black","https://www.chloe.comhttps://www.chloe.com/us/shoulder-bag_cod45851852nq.html","https://www.chloe.com/product_image/45851852NQ/f/w282.jpg"
"45851851QX","Mini Chloé basket in natural fibers","CHLOE","890","USD","llbgs","Shoulder bag","","https://www.chloe.comhttps://www.chloe.com/us/shoulder-bag_cod45851851qx.html","https://www.chloe.com/product_image/45851851QX/f/w282.jpg"
"45851839RJ","Large Woody tote bag in natural fibers","CHLOE","950","USD","llbgs","Tote bag","Washed Blue","https://www.chloe.comhttps://www.chloe.com/us/tote-bag_cod45851839rj.html","https://www.chloe.com/product_image/45851839RJ/f/w282.jpg"
"45741230HS","Large Woody tote bag in natural fibers","CHLOE","890","USD","llbgs","Tote bag","Denim","https://www.chloe.comhttps://www.chloe.com/us/tote-bag_cod45741230hs.html","https://www.chloe.com/product_image/45741230HS/f/w282.jpg"
"45851840UJ","Small Woody tote bag in natural fibers","CHLOE","850","USD","llbgs","Tote bag","Washed Blue","https://www.chloe.comhttps://www.chloe.com/us/tote-bag_cod45851840uj.html","https://www.chloe.com/product_image/45851840UJ/f/w282.jpg"
"45851858EW","Small Woody basket in natural fibers","CHLOE","950","USD","llbgs","Tote bag","Light Gold","https://www.chloe.comhttps://www.chloe.com/us/tote-bag_cod45851858ew.html","https://www.chloe.com/product_image/45851858EW/f/w282.jpg"
"45851860JI","Large Woody tote bag in grained leather","CHLOE","2890","USD","llbgs","Tote bag","Black","https://www.chloe.comhttps://www.chloe.com/us/tote-bag_cod45851860ji.html","https://www.chloe.com/product_image/45851860JI/f/w282.jpg"
"45851861FS","Woody tote bag in grained leather","CHLOE","2750","USD","llbgs","Tote bag","MISTY IVORY","https://www.chloe.comhttps://www.chloe.com/us/tote-bag_cod45851861fs.html","https://www.chloe.com/product_image/45851861FS/f/w282.jpg"
"45851865AU","Small Woody tote bag in grained leather","CHLOE","2250","USD","llbgs","Tote bag","Black","https://www.chloe.comhttps://www.chloe.com/us/tote-bag_cod45851865au.html","https://www.chloe.com/product_image/45851865AU/f/w282.jpg"
"45851866VN","Small Woody tote bag in grained leather","CHLOE","2250","USD","llbgs","Tote bag","MISTY IVORY","https://www.chloe.comhttps://www.chloe.com/us/tote-bag_cod45851866vn.html","https://www.chloe.com/product_image/45851866VN/f/w282.jpg"
"45800290RC","Woody tote bag in linen","CHLOE","1450","USD","llbgs","Tote bag","","https://www.chloe.comhttps://www.chloe.com/us/tote-bag_cod45800290rc.html","https://www.chloe.com/product_image/45800290RC/f/w282.jpg"
"45800291FT","Small Woody tote bag in linen","CHLOE","1390","USD","llbgs","Tote bag","BLACK - BEIGE 1","https://www.chloe.comhttps://www.chloe.com/us/tote-bag_cod45800291ft.html",""
"45686268HO","Woody tote bag in linen","CHLOE","1290","USD","llbgs","Tote bag","White - Blue 1","https://www.chloe.comhttps://www.chloe.com/us/tote-bag_cod45686268ho.html",""
"45686270NW","Small Woody tote bag in linen","CHLOE","1250","USD","llbgs","Tote bag","White - Blue 1","https://www.chloe.comhttps://www.chloe.com/us/tote-bag_cod45686270nw.html",""
"45779139DV","Woody tote bag in soft leather","CHLOE","1990","USD","llbgs","Tote bag","STORM BLUE","https://www.chloe.comhttps://www.chloe.com/us/tote-bag_cod45779139dv.html",""
"45779140NT","Small Woody tote bag in soft leather","CHLOE","1850","USD","llbgs","Tote bag","STORM BLUE","https://www.chloe.comhttps://www.chloe.com/us/tote-bag_cod45779140nt.html","https://www.chloe.com/product_image/45779140NT/f/w282.jpg"
"45800271TM","Small Woody tote bag in linen","CHLOE","1250","USD","llbgs","Tote bag","Cement Pink","https://www.chloe.comhttps://www.chloe.com/us/tote-bag_cod45800271tm.html","https://www.chloe.com/product_image/45800271TM/f/w282.jpg"
"45851832IS","Nano Woody tote bag in linen","CHLOE","670","USD","llbgs","Mini bag","Cement Pink","https://www.chloe.comhttps://www.chloe.com/us/mini-bag_cod45851832is.html","https://www.chloe.com/product_image/45851832IS/f/w282.jpg"
"45822779EL","Nano Woody tote bag in metallized leather","CHLOE","880","USD","llbgs","Mini bag","Silver","https://www.chloe.comhttps://www.chloe.com/us/mini-bag_cod45822779el.html","https://www.chloe.com/product_image/45822779EL/f/w282.jpg"
"45851871LW","Mini Penelope soft shoulder bag in metallized leather","CHLOE","2250","USD","llbgs","Shoulder bag","","https://www.chloe.comhttps://www.chloe.com/us/shoulder-bag_cod45851871lw.html","https://www.chloe.com/product_image/45851871LW/f/w282.jpg"
"45863430VO","Micro Chloé Sense tote bag in leather","CHLOE","990","USD","llbgs","Mini bag","SWEET BEIGE","https://www.chloe.comhttps://www.chloe.com/us/mini-bag_cod45863430vo.html","https://www.chloe.com/product_image/45863430VO/f/w282.jpg"
"45851844JM","Micro Chloé Sense tote bag in soft leather","CHLOE","990","USD","llbgs","Mini bag","Nomad Beige","https://www.chloe.comhttps://www.chloe.com/us/mini-bag_cod45851844jm.html","https://www.chloe.com/product_image/45851844JM/f/w282.jpg"
"45863431MS","Micro Chloé Sense tote bag in leather","CHLOE","990","USD","llbgs","Mini bag","Light Tan","https://www.chloe.comhttps://www.chloe.com/us/mini-bag_cod45863431ms.html","https://www.chloe.com/product_image/45863431MS/f/w282.jpg"
"45863432GK","Micro Chloé Sense tote bag in leather","CHLOE","990","USD","llbgs","Mini bag","LIGHT EUCALYPO","https://www.chloe.comhttps://www.chloe.com/us/mini-bag_cod45863432gk.html","https://www.chloe.com/product_image/45863432GK/f/w282.jpg"
"45779137LG","Micro Chloé Sense tote bag in soft leather","CHLOE","990","USD","llbgs","Mini bag","Cement Pink","https://www.chloe.comhttps://www.chloe.com/us/mini-bag_cod45779137lg.html","https://www.chloe.com/product_image/45779137LG/f/w282.jpg"
"45863429HL","Micro Chloé Sense tote bag in leather","CHLOE","990","USD","llbgs","Mini bag","Motty Grey","https://www.chloe.comhttps://www.chloe.com/us/mini-bag_cod45863429hl.html","https://www.chloe.com/product_image/45863429HL/f/w282.jpg"
"45741225DW","Micro Chloé Sense tote bag in soft leather","CHLOE","990","USD","llbgs","Mini bag","Caramel","https://www.chloe.comhttps://www.chloe.com/us/mini-bag_cod45741225dw.html","https://www.chloe.com/product_image/45741225DW/f/w282.jpg"
"45741223QB","Micro Chloé Sense tote bag in soft leather","CHLOE","990","USD","llbgs","Mini bag","Black","https://www.chloe.comhttps://www.chloe.com/us/mini-bag_cod45741223qb.html","https://www.chloe.com/product_image/45741223QB/f/w282.jpg"
"22052908UC","Adjustable strap in canvas","CHLOE","880","USD","llbgs","Straps","Powder Beige","https://www.chloe.comhttps://www.chloe.com/us/straps_cod22052908uc.html","https://www.chloe.com/product_image/22052908UC/f/w282.jpg"
"22059083UM","Adjustable strap in canvas","CHLOE","880","USD","llbgs","Straps","SOFT TAN","https://www.chloe.comhttps://www.chloe.com/us/straps_cod22059083um.html","https://www.chloe.com/product_image/22059083UM/f/w282.jpg"
"22052907LU","Adjustable strap in canvas","CHLOE","880","USD","llbgs","Straps","WILD GREY","https://www.chloe.comhttps://www.chloe.com/us/straps_cod22052907lu.html","https://www.chloe.com/product_image/22052907LU/f/w282.jpg"
"46982125XA","Adjustable strap in canvas","CHLOE","880","USD","llbgs","Straps","Black","https://www.chloe.comhttps://www.chloe.com/us/straps_cod46982125xa.html","https://www.chloe.com/product_image/46982125XA/f/w282.jpg"
"45823323GR","Marcie double carry bag","CHLOE","2950","USD","llbgs","Hand bag","FLORAL GREY","https://www.chloe.comhttps://www.chloe.com/us/hand-bag_cod45823323gr.html","https://www.chloe.com/product_image/45823323GR/f/w282.jpg"
"45823324WR","Marcie double carry bag","CHLOE","2950","USD","llbgs","Hand bag","Palm Brown","https://www.chloe.comhttps://www.chloe.com/us/hand-bag_cod45823324wr.html","https://www.chloe.com/product_image/45823324WR/f/w282.jpg"
"45823327BR","Marcie double carry bag","CHLOE","2950","USD","llbgs","Hand bag","MIDNIGHT BLUE","https://www.chloe.comhttps://www.chloe.com/us/hand-bag_cod45823327br.html","https://www.chloe.com/product_image/45823327BR/f/w282.jpg"
"45741541GC","Marcie bag in grained leather","CHLOE","2690","USD","llbgs","Hand bag","Navy","https://www.chloe.comhttps://www.chloe.com/us/hand-bag_cod45741541gc.html",""
"45851836DN","Small Marcie saddle bag in grained leather","CHLOE","1450","USD","llbgs","Hand bag","GRACEFUL BLUE","https://www.chloe.comhttps://www.chloe.com/us/hand-bag_cod45851836dn.html",""
"45711462VO","Marcie small saddle bag","CHLOE","1350","USD","llbgs","Hand bag","DEEP DENIM","https://www.chloe.comhttps://www.chloe.com/us/hand-bag_cod45711462vo.html",""
"45741542GO","Small Marcie saddle bag in grained leather","CHLOE","1450","USD","llbgs","Hand bag","Navy","https://www.chloe.comhttps://www.chloe.com/us/hand-bag_cod45741542go.html",""
"45823331BJ","Marcie small saddle bag","CHLOE","1450","USD","llbgs","Hand bag","MIDNIGHT BLUE","https://www.chloe.comhttps://www.chloe.com/us/hand-bag_cod45823331bj.html","https://www.chloe.com/product_image/45823331BJ/f/w282.jpg"
"45711463DD","Small Marcie saddle bag in grained leather","CHLOE","1450","USD","llbgs","Hand bag","","https://www.chloe.comhttps://www.chloe.com/us/hand-bag_cod45711463dd.html","https://www.chloe.com/product_image/45711463DD/f/w282.jpg"
"45851837HQ","Small Marcie saddle bag in grained leather","CHLOE","1450","USD","llbgs","Hand bag","TERRACOTTA PINK","https://www.chloe.comhttps://www.chloe.com/us/hand-bag_cod45851837hq.html","https://www.chloe.com/product_image/45851837HQ/f/w282.jpg"
"45778965IA","Small Marcie saddle bag in grained leather","CHLOE","1450","USD","llbgs","Hand bag","POTTERY BROWN","https://www.chloe.comhttps://www.chloe.com/us/hand-bag_cod45778965ia.html","https://www.chloe.com/product_image/45778965IA/f/w282.jpg"
"45800277BT","Small Marcie saddle bag in grained leather","CHLOE","1450","USD","llbgs","Hand bag","Elephant Grey","https://www.chloe.comhttps://www.chloe.com/us/hand-bag_cod45800277bt.html","https://www.chloe.com/product_image/45800277BT/f/w282.jpg"
"45661609TH","Marcie saddle bag grained leather","CHLOE","2090","USD","llbgs","Shoulder bag","Tan","https://www.chloe.comhttps://www.chloe.com/us/shoulder-bag_cod45661609th.html","https://www.chloe.com/product_image/45661609TH/f/w282.jpg"
"45661472EB","Marcie saddle bag grained leather","CHLOE","2090","USD","llbgs","Shoulder bag","Black","https://www.chloe.comhttps://www.chloe.com/us/shoulder-bag_cod45661472eb.html","https://www.chloe.com/product_image/45661472EB/f/w282.jpg"
"45661608VH","Marcie saddle bag grained leather","CHLOE","2090","USD","llbgs","Shoulder bag","Cashmere Grey","https://www.chloe.comhttps://www.chloe.com/us/shoulder-bag_cod45661608vh.html","https://www.chloe.com/product_image/45661608VH/f/w282.jpg"
"45711449HX","Marcie saddle bag grained leather","CHLOE","2090","USD","llbgs","Shoulder bag","DEEP DENIM","https://www.chloe.comhttps://www.chloe.com/us/shoulder-bag_cod45711449hx.html","https://www.chloe.com/product_image/45711449HX/f/w282.jpg"
"45741208VV","Marcie bag in grained leather","CHLOE","2690","USD","llbgs","Hand bag","MILKY BROWN","https://www.chloe.comhttps://www.chloe.com/us/hand-bag_cod45741208vv.html","https://www.chloe.com/product_image/45741208VV/f/w282.jpg"
"45822922QP","Marcie small double carry bag","CHLOE","2390","USD","llbgs","Hand bag","POTTERY GREEN","https://www.chloe.comhttps://www.chloe.com/us/hand-bag_cod45822922qp.html","https://www.chloe.com/product_image/45822922QP/f/w282.jpg"
"45778960AU","Small Marcie bag in grained leather","CHLOE","2390","USD","llbgs","Hand bag","STORM BLUE","https://www.chloe.comhttps://www.chloe.com/us/hand-bag_cod45778960au.html","https://www.chloe.com/product_image/45778960AU/f/w282.jpg"
"45711692CS","Mini Marcie bag in grained leather","CHLOE","1950","USD","llbgs","Mini bag","Tan","https://www.chloe.comhttps://www.chloe.com/us/mini-bag_cod45711692cs.html","https://www.chloe.com/product_image/45711692CS/f/w282.jpg"
"45711691XL","Mini Marcie bag in grained leather","CHLOE","1950","USD","llbgs","Mini bag","Black","https://www.chloe.comhttps://www.chloe.com/us/mini-bag_cod45711691xl.html","https://www.chloe.com/product_image/45711691XL/f/w282.jpg"
"45800316LL","Marcie pouch on chain in grained leather","CHLOE","1290","USD","llbgs","Mini bag","Tan","https://www.chloe.comhttps://www.chloe.com/us/mini-bag_cod45800316ll.html","https://www.chloe.com/product_image/45800316LL/f/w282.jpg"
"45800315XO","Marcie pouch on chain in grained leather","CHLOE","1290","USD","llbgs","Mini bag","","https://www.chloe.comhttps://www.chloe.com/us/mini-bag_cod45800315xo.html","https://www.chloe.com/product_image/45800315XO/f/w282.jpg"
"45711456HF","Marcie double carry bag","CHLOE","2490","USD","llbgs","Hand bag","DEEP DENIM","https://www.chloe.comhttps://www.chloe.com/us/hand-bag_cod45711456hf.html","https://www.chloe.com/product_image/45711456HF/f/w282.jpg"
"45851834KA","Small Marcie bag in grained leather","CHLOE","2390","USD","llbgs","Hand bag","GRACEFUL BLUE","https://www.chloe.comhttps://www.chloe.com/us/hand-bag_cod45851834ka.html","https://www.chloe.com/product_image/45851834KA/f/w282.jpg"
"45711453AV","Small Marcie bag in grained leather","CHLOE","2390","USD","llbgs","Hand bag","DEEP DENIM","https://www.chloe.comhttps://www.chloe.com/us/hand-bag_cod45711453av.html","https://www.chloe.com/product_image/45711453AV/f/w282.jpg"
"45711694RB","Marcie mini double carry bag","CHLOE","1950","USD","llbgs","Mini bag","DEEP DENIM","https://www.chloe.comhttps://www.chloe.com/us/mini-bag_cod45711694rb.html","https://www.chloe.com/product_image/45711694RB/f/w282.jpg"
"45823317OD","Marcie hobo bag in grained leather","CHLOE","2390","USD","llbgs","Hand bag","","https://www.chloe.comhttps://www.chloe.com/us/hand-bag_cod45823317od.html",""
"45851875QI","Marcie hobo bag in suede leather","CHLOE","2390","USD","llbgs","Hand bag","Tan","https://www.chloe.comhttps://www.chloe.com/us/hand-bag_cod45851875qi.html",""
"45851874GW","Marcie hobo bag in soft leather & braided fibers","CHLOE","2390","USD","llbgs","Hand bag","HOT SAND","https://www.chloe.comhttps://www.chloe.com/us/hand-bag_cod45851874gw.html",""
"45851873KM","Marcie bucket bag in soft leather & braided fibers","CHLOE","2290","USD","llbgs","Shoulder bag","HOT SAND","https://www.chloe.comhttps://www.chloe.com/us/shoulder-bag_cod45851873km.html",""
"45822655LX","Large Penelope soft shoulder bag in grained leather","CHLOE","3650","USD","llbgs","Shoulder bag","Nomad Beige","https://www.chloe.comhttps://www.chloe.com/us/shoulder-bag_cod45822655lx.html","https://www.chloe.com/product_image/45822655LX/f/w282.jpg"
"45736389JJ","Large Penelope soft shoulder bag in grained leather","CHLOE","3650","USD","llbgs","Shoulder bag","Caramel","https://www.chloe.comhttps://www.chloe.com/us/shoulder-bag_cod45736389jj.html","https://www.chloe.com/product_image/45736389JJ/f/w282.jpg"
"45800310WB","Penelope large soft shoulder bag","CHLOE","3650","USD","llbgs","Shoulder bag","DEEP VIOLINE","https://www.chloe.comhttps://www.chloe.com/us/shoulder-bag_cod45800310wb.html","https://www.chloe.com/product_image/45800310WB/f/w282.jpg"
"45736388VN","Large Penelope soft shoulder bag in grained leather","CHLOE","3650","USD","llbgs","Shoulder bag","Black","https://www.chloe.comhttps://www.chloe.com/us/shoulder-bag_cod45736388vn.html","https://www.chloe.com/product_image/45736388VN/f/w282.jpg"
"45822646TC","Penelope soft shoulder bag in grained leather","CHLOE","3190","USD","llbgs","Shoulder bag","Nomad Beige","https://www.chloe.comhttps://www.chloe.com/us/shoulder-bag_cod45822646tc.html","https://www.chloe.com/product_image/45822646TC/f/w282.jpg"
"45736392KF","Penelope soft shoulder bag in grained leather","CHLOE","3190","USD","llbgs","Shoulder bag","Caramel","https://www.chloe.comhttps://www.chloe.com/us/shoulder-bag_cod45736392kf.html","https://www.chloe.com/product_image/45736392KF/f/w282.jpg"
"45758976PQ","Penelope soft shoulder bag in grained leather","CHLOE","3190","USD","llbgs","Shoulder bag","Black","https://www.chloe.comhttps://www.chloe.com/us/shoulder-bag_cod45758976pq.html","https://www.chloe.com/product_image/45758976PQ/f/w282.jpg"
"45760615FI","Small Penelope soft shoulder bag in grained leather","CHLOE","2350","USD","llbgs","Shoulder bag","Caramel","https://www.chloe.comhttps://www.chloe.com/us/shoulder-bag_cod45760615fi.html","https://www.chloe.com/product_image/45760615FI/f/w282.jpg"
"45741249QL","Small Penelope soft shoulder bag in grained leather","CHLOE","2350","USD","llbgs","Shoulder bag","Black","https://www.chloe.comhttps://www.chloe.com/us/shoulder-bag_cod45741249ql.html","https://www.chloe.com/product_image/45741249QL/f/w282.jpg"
"45851868SR","Small Penelope soft shoulder bag in metallized leather","CHLOE","2590","USD","llbgs","Shoulder bag","Light Gold","https://www.chloe.comhttps://www.chloe.com/us/shoulder-bag_cod45851868sr.html","https://www.chloe.com/product_image/45851868SR/f/w282.jpg"
"45823163BG","Small Penelope soft shoulder bag in grained leather","CHLOE","2350","USD","llbgs","Shoulder bag","Nomad Beige","https://www.chloe.comhttps://www.chloe.com/us/shoulder-bag_cod45823163bg.html","https://www.chloe.com/product_image/45823163BG/f/w282.jpg"
"45736391ED","Small Penelope soft shoulder bag in grained leather","CHLOE","2350","USD","llbgs","Shoulder bag","MILKY BROWN","https://www.chloe.comhttps://www.chloe.com/us/shoulder-bag_cod45736391ed.html","https://www.chloe.com/product_image/45736391ED/f/w282.jpg"
"45822932IK","Mini Penelope soft shoulder bag in leather","CHLOE","2090","USD","llbgs","Shoulder bag","ARGIL BROWN","https://www.chloe.comhttps://www.chloe.com/us/shoulder-bag_cod45822932ik.html","https://www.chloe.com/product_image/45822932IK/f/w282.jpg"
"45800295LH","Penelope mini soft shoulder bag","CHLOE","2090","USD","llbgs","Shoulder bag","DEEP VIOLINE","https://www.chloe.comhttps://www.chloe.com/us/shoulder-bag_cod45800295lh.html","https://www.chloe.com/product_image/45800295LH/f/w282.jpg"
"45779107KC","Mini Penelope soft shoulder bag in grained leather","CHLOE","2090","USD","llbgs","Shoulder bag","Black","https://www.chloe.comhttps://www.chloe.com/us/shoulder-bag_cod45779107kc.html","https://www.chloe.com/product_image/45779107KC/f/w282.jpg"
"45741246BI","Penelope clutch","CHLOE","2590","USD","llbgs","Clutches and Evening bags","White","https://www.chloe.comhttps://www.chloe.com/us/clutches-and-evening-bags_cod45741246bi.html","https://www.chloe.com/product_image/45741246BI/f/w282.jpg"
"45741247VD","Penelope clutch","CHLOE","2590","USD","llbgs","Clutches and Evening bags","Caramel","https://www.chloe.comhttps://www.chloe.com/us/clutches-and-evening-bags_cod45741247vd.html","https://www.chloe.com/product_image/45741247VD/f/w282.jpg"
"45736385CC","Penelope clutch","CHLOE","2590","USD","llbgs","Clutches and Evening bags","Black","https://www.chloe.comhttps://www.chloe.com/us/clutches-and-evening-bags_cod45736385cc.html","https://www.chloe.com/product_image/45736385CC/f/w282.jpg"
"45823168QV","Micro Penelope flap bag in leather","CHLOE","1780","USD","llbgs","Mini bag","MISTY IVORY","https://www.chloe.comhttps://www.chloe.com/us/mini-bag_cod45823168qv.html","https://www.chloe.com/product_image/45823168QV/f/w282.jpg"
"45823300VT","Small Woody tote bag in denim","CHLOE","1690","USD","llbgs","Tote bag","Denim","https://www.chloe.comhttps://www.chloe.com/us/tote-bag_cod45823300vt.html","https://www.chloe.com/product_image/45823300VT/f/w282.jpg"
