product_id,product_name,price,category,image_urls,product_url,colors,sale_price,original_price,discount,filename
,Logo Track Jacket,$685,men_all_products_1,"https://cdn-images.farfetch-contents.com/palm-angels-logo-track-jacket_22030552_52306887_2048.jpg, https://cdn-images.farfetch-contents.com/palm-angels-logo-track-jacket_22030552_52306884_2048.jpg, https://cdn-images.farfetch-contents.com/palm-angels-logo-track-jacket_22030552_52306881_2048.jpg",/en-us/shopping/logo-track-jacket-22030552,,$445,$685,-35%,men_all_products_1.html
,Logo Track Pants,$575,men_all_products_1,"https://cdn-images.farfetch-contents.com/palm-angels-logo-track-pants_22030563_52968603_2048.jpg, https://cdn-images.farfetch-contents.com/palm-angels-logo-track-pants_22030563_52968594_2048.jpg, https://cdn-images.farfetch-contents.com/palm-angels-logo-track-pants_22030563_52968595_2048.jpg",/en-us/shopping/logo-track-pants-22030563,,$374,$575,-35%,men_all_products_1.html
,Logo Cap,$225,men_all_products_1,"https://cdn-images.farfetch-contents.com/palm-angels-logo-cap_22030597_52399044_2048.jpg, https://cdn-images.farfetch-contents.com/palm-angels-logo-cap_22030597_52399041_2048.jpg, https://cdn-images.farfetch-contents.com/palm-angels-logo-cap_22030597_52399043_2048.jpg",/en-us/shopping/logo-cap-22030597,,$146,$225,-35%,men_all_products_1.html
,Pa 4 Sneakers,$620,men_all_products_1,"https://cdn-images.farfetch-contents.com/palm-angels-pa-4-sneakers_22030590_52307097_2048.jpg, https://cdn-images.farfetch-contents.com/palm-angels-pa-4-sneakers_22030590_52307098_2048.jpg, https://cdn-images.farfetch-contents.com/palm-angels-pa-4-sneakers_22030590_52307100_2048.jpg",/en-us/shopping/pa-4-sneakers-22030590,,,$620,,men_all_products_1.html
,Back Foggy PA Hoodie,$660,men_all_products_1,"https://cdn-images.farfetch-contents.com/palm-angels-back-foggy-pa-hoodie_21777406_51849850_2048.jpg, https://cdn-images.farfetch-contents.com/palm-angels-back-foggy-pa-hoodie_21777406_51849830_2048.jpg, https://cdn-images.farfetch-contents.com/palm-angels-back-foggy-pa-hoodie_21777406_51849847_2048.jpg",/en-us/shopping/back-foggy-pa-hoodie-21777406,,$429,$660,-35%,men_all_products_1.html
,Foggy PA T-Shirt,$490,men_all_products_1,"https://cdn-images.farfetch-contents.com/palm-angels-foggy-pa-t-shirt_21777401_51849645_2048.jpg, https://cdn-images.farfetch-contents.com/palm-angels-foggy-pa-t-shirt_21777401_51849622_2048.jpg, https://cdn-images.farfetch-contents.com/palm-angels-foggy-pa-t-shirt_21777401_51849643_2048.jpg",/en-us/shopping/foggy-pa-t-shirt-21777401,,$319,$490,-35%,men_all_products_1.html
,Burning Monogram T-Shirt,$495,men_all_products_1,"https://cdn-images.farfetch-contents.com/palm-angels-burning-monogram-t-shirt_21773705_51846944_2048.jpg, https://cdn-images.farfetch-contents.com/palm-angels-burning-monogram-t-shirt_21773705_51846929_2048.jpg, https://cdn-images.farfetch-contents.com/palm-angels-burning-monogram-t-shirt_21773705_51846919_2048.jpg",/en-us/shopping/burning-monogram-t-shirt-21773705,,$322,$495,-35%,men_all_products_1.html
,Burning Monogram Swimshorts,$435,men_all_products_1,"https://cdn-images.farfetch-contents.com/palm-angels-burning-monogram-swimshorts_21773734_51847912_2048.jpg, https://cdn-images.farfetch-contents.com/palm-angels-burning-monogram-swimshorts_21773734_51847890_2048.jpg, https://cdn-images.farfetch-contents.com/palm-angels-burning-monogram-swimshorts_21773734_51847892_2048.jpg",/en-us/shopping/burning-monogram-swimshorts-21773734,,$283,$435,-35%,men_all_products_1.html
,Monogram Spray City T-Shirt Los Angels,$295,men_all_products_1,"https://cdn-images.farfetch-contents.com/palm-angels-monogram-spray-city-t-shirt-los-angels_22030624_53217654_2048.jpg, https://cdn-images.farfetch-contents.com/palm-angels-monogram-spray-city-t-shirt-los-angels_22030624_53217650_2048.jpg, https://cdn-images.farfetch-contents.com/palm-angels-monogram-spray-city-t-shirt-los-angels_22030624_53217647_2048.jpg",/en-us/shopping/monogram-spray-city-t-shirt-los-angels-22030624,,,$295,,men_all_products_1.html
,Monogram Spray City T-Shirt Paris,$295,men_all_products_1,"https://cdn-images.farfetch-contents.com/palm-angels-monogram-spray-city-t-shirt-paris_22030627_53217690_2048.jpg, https://cdn-images.farfetch-contents.com/palm-angels-monogram-spray-city-t-shirt-paris_22030627_53217684_2048.jpg, https://cdn-images.farfetch-contents.com/palm-angels-monogram-spray-city-t-shirt-paris_22030627_53217682_2048.jpg",/en-us/shopping/monogram-spray-city-t-shirt-paris-22030627,,,$295,,men_all_products_1.html
,Burning Monogram Crewneck,$565,men_all_products_1,"https://cdn-images.farfetch-contents.com/palm-angels-burning-monogram-crewneck_21777404_51849780_2048.jpg, https://cdn-images.farfetch-contents.com/palm-angels-burning-monogram-crewneck_21777404_51849743_2048.jpg, https://cdn-images.farfetch-contents.com/palm-angels-burning-monogram-crewneck_21777404_51849747_2048.jpg",/en-us/shopping/burning-monogram-crewneck-21777404,,$367,$565,-35%,men_all_products_1.html
,Burning Monogram Loose Pants,$790,men_all_products_1,"https://cdn-images.farfetch-contents.com/palm-angels-burning-monogram-loose-pants_21777396_51849575_2048.jpg, https://cdn-images.farfetch-contents.com/palm-angels-burning-monogram-loose-pants_21777396_51849531_2048.jpg, https://cdn-images.farfetch-contents.com/palm-angels-burning-monogram-loose-pants_21777396_51849560_2048.jpg",/en-us/shopping/burning-monogram-loose-pants-21777396,,$514,$790,-35%,men_all_products_1.html
,Burning Monogram Cap,$245,men_all_products_1,"https://cdn-images.farfetch-contents.com/palm-angels-burning-monogram-cap_21777397_51849596_2048.jpg, https://cdn-images.farfetch-contents.com/palm-angels-burning-monogram-cap_21777397_51849578_2048.jpg, https://cdn-images.farfetch-contents.com/palm-angels-burning-monogram-cap_21777397_51849595_2048.jpg",/en-us/shopping/burning-monogram-cap-21777397,,$159,$245,-35%,men_all_products_1.html
,PA 4 Sneakers,$620,men_all_products_1,"https://cdn-images.farfetch-contents.com/palm-angels-pa-4-sneakers_21773743_51848226_2048.jpg, https://cdn-images.farfetch-contents.com/palm-angels-pa-4-sneakers_21773743_51848228_2048.jpg, https://cdn-images.farfetch-contents.com/palm-angels-pa-4-sneakers_21773743_51848229_2048.jpg",/en-us/shopping/pa-4-sneakers-21773743,,,$620,,men_all_products_1.html
,Monogram Spray City T-Shirt Los Angels,$295,men_all_products_1,"https://cdn-images.farfetch-contents.com/palm-angels-monogram-spray-city-t-shirt-los-angels_22028719_53217519_2048.jpg, https://cdn-images.farfetch-contents.com/palm-angels-monogram-spray-city-t-shirt-los-angels_22028719_53217513_2048.jpg, https://cdn-images.farfetch-contents.com/palm-angels-monogram-spray-city-t-shirt-los-angels_22028719_53217512_2048.jpg",/en-us/shopping/monogram-spray-city-t-shirt-los-angels-22028719,,,$295,,men_all_products_1.html
,Monogram Spray City T-Shirt Paris,$295,men_all_products_1,"https://cdn-images.farfetch-contents.com/palm-angels-monogram-spray-city-t-shirt-paris_22030626_53217677_2048.jpg, https://cdn-images.farfetch-contents.com/palm-angels-monogram-spray-city-t-shirt-paris_22030626_53217666_2048.jpg, https://cdn-images.farfetch-contents.com/palm-angels-monogram-spray-city-t-shirt-paris_22030626_53217667_2048.jpg",/en-us/shopping/monogram-spray-city-t-shirt-paris-22030626,,,$295,,men_all_products_1.html
,Logo Linen Track Jacket,"$1,325",men_all_products_1,"https://cdn-images.farfetch-contents.com/palm-angels-logo-linen-track-jacket_22030553_52455045_2048.jpg, https://cdn-images.farfetch-contents.com/palm-angels-logo-linen-track-jacket_22030553_52455028_2048.jpg, https://cdn-images.farfetch-contents.com/palm-angels-logo-linen-track-jacket_22030553_52455043_2048.jpg",/en-us/shopping/logo-linen-track-jacket-22030553,,$851,"$1,325",-35%,men_all_products_1.html
,Logo Linen Track Pant,$985,men_all_products_1,"https://cdn-images.farfetch-contents.com/palm-angels-logo-linen-track-pant_22030564_52455120_2048.jpg, https://cdn-images.farfetch-contents.com/palm-angels-logo-linen-track-pant_22030564_52455095_2048.jpg, https://cdn-images.farfetch-contents.com/palm-angels-logo-linen-track-pant_22030564_52455082_2048.jpg",/en-us/shopping/logo-linen-track-pant-22030564,,$641,$985,-35%,men_all_products_1.html
,Palms Allover Shirt,$630,men_all_products_1,"https://cdn-images.farfetch-contents.com/palm-angels-palms-allover-shirt_21777435_51850950_2048.jpg, https://cdn-images.farfetch-contents.com/palm-angels-palms-allover-shirt_21777435_51850942_2048.jpg, https://cdn-images.farfetch-contents.com/palm-angels-palms-allover-shirt_21777435_51850932_2048.jpg",/en-us/shopping/palms-allover-shirt-21777435,,$410,$630,-35%,men_all_products_1.html
,Palms Allover Swimshorts,$435,men_all_products_1,"https://cdn-images.farfetch-contents.com/palm-angels-palms-allover-swimshorts_21777433_51850911_2048.jpg, https://cdn-images.farfetch-contents.com/palm-angels-palms-allover-swimshorts_21777433_51850874_2048.jpg, https://cdn-images.farfetch-contents.com/palm-angels-palms-allover-swimshorts_21777433_51850912_2048.jpg",/en-us/shopping/palms-allover-swimshorts-21777433,,$283,$435,-35%,men_all_products_1.html
,Hyper Monogram Hoodie,$725,men_all_products_1,"https://cdn-images.farfetch-contents.com/palm-angels-hyper-monogram-hoodie_21556255_51959112_2048.jpg, https://cdn-images.farfetch-contents.com/palm-angels-hyper-monogram-hoodie_21556255_51959111_2048.jpg, https://cdn-images.farfetch-contents.com/palm-angels-hyper-monogram-hoodie_21556255_51959108_2048.jpg",/en-us/shopping/hyper-monogram-hoodie-21556255,,$471,$725,-35%,men_all_products_1.html
,Hyper Monogram T-Shirt,$390,men_all_products_1,"https://cdn-images.farfetch-contents.com/palm-angels-hyper-monogram-t-shirt_21556257_51959119_2048.jpg, https://cdn-images.farfetch-contents.com/palm-angels-hyper-monogram-t-shirt_21556257_51959118_2048.jpg, https://cdn-images.farfetch-contents.com/palm-angels-hyper-monogram-t-shirt_21556257_51959121_2048.jpg",/en-us/shopping/hyper-monogram-t-shirt-21556257,,$254,$390,-35%,men_all_products_1.html
,Monogram Track Jacket,$650,men_all_products_1,"https://cdn-images.farfetch-contents.com/palm-angels-monogram-track-jacket_21777409_51849960_2048.jpg, https://cdn-images.farfetch-contents.com/palm-angels-monogram-track-jacket_21777409_51849932_2048.jpg, https://cdn-images.farfetch-contents.com/palm-angels-monogram-track-jacket_21777409_51849935_2048.jpg",/en-us/shopping/monogram-track-jacket-21777409,,,$650,,men_all_products_1.html
,Monogram Track Pants,$520,men_all_products_1,"https://cdn-images.farfetch-contents.com/palm-angels-monogram-track-pants_21777419_51850214_2048.jpg, https://cdn-images.farfetch-contents.com/palm-angels-monogram-track-pants_21777419_51850198_2048.jpg, https://cdn-images.farfetch-contents.com/palm-angels-monogram-track-pants_21777419_51850197_2048.jpg",/en-us/shopping/monogram-track-pants-21777419,,,$520,,men_all_products_1.html
,BEAR CLASSIC T-SHIRT,$390,men_all_products_1,"https://cdn-images.farfetch-contents.com/palm-angels-bear-classic-t-shirt_18438568_39840371_2048.jpg, https://cdn-images.farfetch-contents.com/palm-angels-bear-classic-t-shirt_18438568_39840368_2048.jpg, https://cdn-images.farfetch-contents.com/palm-angels-bear-classic-t-shirt_18438568_39840369_2048.jpg",/en-us/shopping/bear-classic-t-shirt-18438568,,$254,$390,-35%,men_all_products_1.html
,BEAR CLASSIC T-SHIRT,$390,men_all_products_1,"https://cdn-images.farfetch-contents.com/palm-angels-bear-classic-t-shirt_18438569_40627795_2048.jpg, https://cdn-images.farfetch-contents.com/palm-angels-bear-classic-t-shirt_18438569_40630723_2048.jpg, https://cdn-images.farfetch-contents.com/palm-angels-bear-classic-t-shirt_18438569_40630724_2048.jpg",/en-us/shopping/bear-classic-t-shirt-18438569,,$254,$390,-35%,men_all_products_1.html
,Monogram Track Jacket,$685,men_all_products_1,"https://cdn-images.farfetch-contents.com/palm-angels-monogram-track-jacket_21777408_51849931_2048.jpg, https://cdn-images.farfetch-contents.com/palm-angels-monogram-track-jacket_21777408_51849904_2048.jpg, https://cdn-images.farfetch-contents.com/palm-angels-monogram-track-jacket_21777408_51849910_2048.jpg",/en-us/shopping/monogram-track-jacket-21777408,,$445,$685,-35%,men_all_products_1.html
,Monogram Track Pants,$575,men_all_products_1,"https://cdn-images.farfetch-contents.com/palm-angels-monogram-track-pants_21777418_51850196_2048.jpg, https://cdn-images.farfetch-contents.com/palm-angels-monogram-track-pants_21777418_51850178_2048.jpg, https://cdn-images.farfetch-contents.com/palm-angels-monogram-track-pants_21777418_51850181_2048.jpg",/en-us/shopping/monogram-track-pants-21777418,,$374,$575,-35%,men_all_products_1.html
,Monogram Pool Slider,$300,men_all_products_1,"https://cdn-images.farfetch-contents.com/palm-angels-monogram-pool-slider_22030591_52307104_2048.jpg, https://cdn-images.farfetch-contents.com/palm-angels-monogram-pool-slider_22030591_52307102_2048.jpg, https://cdn-images.farfetch-contents.com/palm-angels-monogram-pool-slider_22030591_52307105_2048.jpg",/en-us/shopping/monogram-pool-slider-22030591,,$195,$300,-35%,men_all_products_1.html
,Canvas Logo Tote Bag,$525,men_all_products_1,"https://cdn-images.farfetch-contents.com/palm-angels-canvas-logo-tote-bag_22030601_52307154_2048.jpg, https://cdn-images.farfetch-contents.com/palm-angels-canvas-logo-tote-bag_22030601_52307148_2048.jpg, https://cdn-images.farfetch-contents.com/palm-angels-canvas-logo-tote-bag_22030601_52307149_2048.jpg",/en-us/shopping/canvas-logo-tote-bag-22030601,,,$525,,men_all_products_1.html
,LOS ANGELES SPRAYED T-SHIRT,$295,men_all_products_1,"https://cdn-images.farfetch-contents.com/palm-angels-los-angeles-sprayed-t-shirt_16237739_36647308_2048.jpg, https://cdn-images.farfetch-contents.com/palm-angels-los-angeles-sprayed-t-shirt_16237739_36646650_2048.jpg, https://cdn-images.farfetch-contents.com/palm-angels-los-angeles-sprayed-t-shirt_16237739_36646645_2048.jpg",/en-us/shopping/los-angeles-sprayed-t-shirt-16237739,,$192,$295,-35%,men_all_products_1.html
,MILANO SPRAYED T-SHIRT,$295,men_all_products_1,"https://cdn-images.farfetch-contents.com/palm-angels-milano-sprayed-t-shirt_16648887_36646692_2048.jpg, https://cdn-images.farfetch-contents.com/palm-angels-milano-sprayed-t-shirt_16648887_36645860_2048.jpg, https://cdn-images.farfetch-contents.com/palm-angels-milano-sprayed-t-shirt_16648887_36647331_2048.jpg",/en-us/shopping/milano-sprayed-t-shirt-16648887,,$192,$295,-35%,men_all_products_1.html
,CLASSIC LOGO OVER T-SHIRT,$330,men_all_products_1,"https://cdn-images.farfetch-contents.com/palm-angels-classic-logo-over-t-shirt_16047101_44203868_2048.jpg, https://cdn-images.farfetch-contents.com/palm-angels-classic-logo-over-t-shirt_16047101_44205964_2048.jpg, https://cdn-images.farfetch-contents.com/palm-angels-classic-logo-over-t-shirt_16047101_44205960_2048.jpg",/en-us/shopping/classic-logo-over-t-shirt-16047101,,,$330,,men_all_products_1.html
,Doubled Logo Over Tee,$330,men_all_products_1,"https://cdn-images.farfetch-contents.com/palm-angels-doubled-logo-over-tee_16237748_44203876_2048.jpg, https://cdn-images.farfetch-contents.com/palm-angels-doubled-logo-over-tee_16237748_44205972_2048.jpg, https://cdn-images.farfetch-contents.com/palm-angels-doubled-logo-over-tee_16237748_44205971_2048.jpg",/en-us/shopping/doubled-logo-over-tee-16237748,,,$330,,men_all_products_1.html
,Sweatshirt The Palm,$500,men_all_products_1,"https://cdn-images.farfetch-contents.com/palm-angels-sweatshirt-the-palm_22030540_53217602_2048.jpg, https://cdn-images.farfetch-contents.com/palm-angels-sweatshirt-the-palm_22030540_53217598_2048.jpg, https://cdn-images.farfetch-contents.com/palm-angels-sweatshirt-the-palm_22030540_53217596_2048.jpg",/en-us/shopping/sweatshirt-the-palm-22030540,,,$500,,men_all_products_1.html
,Sweatshort The Palm,$435,men_all_products_1,"https://cdn-images.farfetch-contents.com/palm-angels-sweatshort-the-palm_22028706_52968519_2048.jpg, https://cdn-images.farfetch-contents.com/palm-angels-sweatshort-the-palm_22028706_52968493_2048.jpg, https://cdn-images.farfetch-contents.com/palm-angels-sweatshort-the-palm_22028706_52968490_2048.jpg",/en-us/shopping/sweatshort-the-palm-22028706,,,$435,,men_all_products_1.html
,Monogram Trucker Suede Cap,$260,men_all_products_1,"https://cdn-images.farfetch-contents.com/palm-angels-monogram-trucker-suede-cap_21776168_51848530_2048.jpg, https://cdn-images.farfetch-contents.com/palm-angels-monogram-trucker-suede-cap_21776168_51848511_2048.jpg, https://cdn-images.farfetch-contents.com/palm-angels-monogram-trucker-suede-cap_21776168_51848510_2048.jpg",/en-us/shopping/monogram-trucker-suede-cap-21776168,,,$260,,men_all_products_1.html
,PA 4 Sneakers,$620,men_all_products_1,"https://cdn-images.farfetch-contents.com/palm-angels-pa-4-sneakers_21773744_51848255_2048.jpg, https://cdn-images.farfetch-contents.com/palm-angels-pa-4-sneakers_21773744_51848251_2048.jpg, https://cdn-images.farfetch-contents.com/palm-angels-pa-4-sneakers_21773744_51848253_2048.jpg",/en-us/shopping/pa-4-sneakers-21773744,,,$620,,men_all_products_1.html
,Hoodie The Palm,$525,men_all_products_1,"https://cdn-images.farfetch-contents.com/palm-angels-hoodie-the-palm_22030544_52898061_2048.jpg, https://cdn-images.farfetch-contents.com/palm-angels-hoodie-the-palm_22030544_52898056_2048.jpg, https://cdn-images.farfetch-contents.com/palm-angels-hoodie-the-palm_22030544_52898057_2048.jpg",/en-us/shopping/hoodie-the-palm-22030544,,,$525,,men_all_products_1.html
,The Palm T-Shirt,$330,men_all_products_1,"https://cdn-images.farfetch-contents.com/palm-angels-the-palm-t-shirt_22028700_52306358_2048.jpg, https://cdn-images.farfetch-contents.com/palm-angels-the-palm-t-shirt_22028700_52306353_2048.jpg, https://cdn-images.farfetch-contents.com/palm-angels-the-palm-t-shirt_22028700_52306354_2048.jpg",/en-us/shopping/the-palm-t-shirt-22028700,,,$330,,men_all_products_1.html
,The Palm T-Shirt,$330,men_all_products_1,"https://cdn-images.farfetch-contents.com/palm-angels-the-palm-t-shirt_22030528_52306760_2048.jpg, https://cdn-images.farfetch-contents.com/palm-angels-the-palm-t-shirt_22030528_52306757_2048.jpg, https://cdn-images.farfetch-contents.com/palm-angels-the-palm-t-shirt_22030528_52306754_2048.jpg",/en-us/shopping/the-palm-t-shirt-22030528,,$215,$330,-35%,men_all_products_1.html
,The Palm T-Shirt,$365,men_all_products_1,"https://cdn-images.farfetch-contents.com/palm-angels-the-palm-t-shirt_22030533_52306785_2048.jpg, https://cdn-images.farfetch-contents.com/palm-angels-the-palm-t-shirt_22030533_52306780_2048.jpg, https://cdn-images.farfetch-contents.com/palm-angels-the-palm-t-shirt_22030533_52306779_2048.jpg",/en-us/shopping/the-palm-t-shirt-22030533,,,$365,,men_all_products_1.html
,LOS ANGELES SPRAYED HOODIE,$560,men_all_products_1,"https://cdn-images.farfetch-contents.com/palm-angels-los-angeles-sprayed-hoodie_17572878_36647700_2048.jpg, https://cdn-images.farfetch-contents.com/palm-angels-los-angeles-sprayed-hoodie_17572878_36646819_2048.jpg, https://cdn-images.farfetch-contents.com/palm-angels-los-angeles-sprayed-hoodie_17572878_36646822_2048.jpg",/en-us/shopping/los-angeles-sprayed-hoodie-17572878,,$364,$560,-35%,men_all_products_1.html
,MILANO SPRAYED HOODIE,$560,men_all_products_1,"https://cdn-images.farfetch-contents.com/palm-angels-milano-sprayed-hoodie_17573275_36647770_2048.jpg, https://cdn-images.farfetch-contents.com/palm-angels-milano-sprayed-hoodie_17573275_36646871_2048.jpg, https://cdn-images.farfetch-contents.com/palm-angels-milano-sprayed-hoodie_17573275_36647769_2048.jpg",/en-us/shopping/milano-sprayed-hoodie-17573275,,$364,$560,-35%,men_all_products_1.html
,The Palm Back T-Shirt Black,$460,men_all_products_1,"https://cdn-images.farfetch-contents.com/palm-angels-the-palm-back-t-shirt-black_23060274_53154417_2048.jpg, https://cdn-images.farfetch-contents.com/palm-angels-the-palm-back-t-shirt-black_23060274_53154392_2048.jpg, https://cdn-images.farfetch-contents.com/palm-angels-the-palm-back-t-shirt-black_23060274_53154395_2048.jpg",/en-us/shopping/the-palm-back-t-shirt-black-23060274,,,$460,,men_all_products_1.html
,The Palm Back T-Shirt White,$460,men_all_products_1,"https://cdn-images.farfetch-contents.com/palm-angels-the-palm-back-t-shirt-white_23059082_53154337_2048.jpg, https://cdn-images.farfetch-contents.com/palm-angels-the-palm-back-t-shirt-white_23059082_53154319_2048.jpg, https://cdn-images.farfetch-contents.com/palm-angels-the-palm-back-t-shirt-white_23059082_53154335_2048.jpg",/en-us/shopping/the-palm-back-t-shirt-white-23059082,,,$460,,men_all_products_1.html
,Paisley Bowling Shirt,$755,men_all_products_1,"https://cdn-images.farfetch-contents.com/palm-angels-paisley-bowling-shirt_22029652_53227256_2048.jpg, https://cdn-images.farfetch-contents.com/palm-angels-paisley-bowling-shirt_22029652_53227249_2048.jpg, https://cdn-images.farfetch-contents.com/palm-angels-paisley-bowling-shirt_22029652_53227251_2048.jpg",/en-us/shopping/paisley-bowling-shirt-22029652,,$491,$755,-35%,men_all_products_1.html
,Paisley Swimshort,$435,men_all_products_1,"https://cdn-images.farfetch-contents.com/palm-angels-paisley-swimshort_22028711_53227248_2048.jpg, https://cdn-images.farfetch-contents.com/palm-angels-paisley-swimshort_22028711_53227221_2048.jpg, https://cdn-images.farfetch-contents.com/palm-angels-paisley-swimshort_22028711_53227219_2048.jpg",/en-us/shopping/paisley-swimshort-22028711,,$283,$435,-35%,men_all_products_1.html
,The Palm Socks,$95,men_all_products_1,"https://cdn-images.farfetch-contents.com/palm-angels-the-palm-socks_22030617_52307203_2048.jpg, https://cdn-images.farfetch-contents.com/palm-angels-the-palm-socks_22030617_52307201_2048.jpg, https://cdn-images.farfetch-contents.com/palm-angels-the-palm-socks_22030617_52307203_2048.jpg",/en-us/shopping/the-palm-socks-22030617,,$62,$95,-35%,men_all_products_1.html
,Side Zip University Sneakers,$565,men_all_products_1,"https://cdn-images.farfetch-contents.com/palm-angels-side-zip-university-sneakers_22030585_52968639_2048.jpg, https://cdn-images.farfetch-contents.com/palm-angels-side-zip-university-sneakers_22030585_52968605_2048.jpg, https://cdn-images.farfetch-contents.com/palm-angels-side-zip-university-sneakers_22030585_52968619_2048.jpg",/en-us/shopping/side-zip-university-sneakers-22030585,,$367,$565,-35%,men_all_products_1.html
,Banana Bowling Shirt,$595,men_all_products_1,"https://cdn-images.farfetch-contents.com/palm-angels-banana-bowling-shirt_22030580_52307053_2048.jpg, https://cdn-images.farfetch-contents.com/palm-angels-banana-bowling-shirt_22030580_52307048_2048.jpg, https://cdn-images.farfetch-contents.com/palm-angels-banana-bowling-shirt_22030580_52307050_2048.jpg",/en-us/shopping/banana-bowling-shirt-22030580,,$387,$595,-35%,men_all_products_1.html
,Banana Swimshort,$400,men_all_products_1,"https://cdn-images.farfetch-contents.com/palm-angels-banana-swimshort_22030574_52307014_2048.jpg, https://cdn-images.farfetch-contents.com/palm-angels-banana-swimshort_22030574_52307010_2048.jpg, https://cdn-images.farfetch-contents.com/palm-angels-banana-swimshort_22030574_52306997_2048.jpg",/en-us/shopping/banana-swimshort-22030574,,$260,$400,-35%,men_all_products_1.html
,Sunset Bowling Shirt,$630,men_all_products_1,"https://cdn-images.farfetch-contents.com/palm-angels-sunset-bowling-shirt_22029650_52306661_2048.jpg, https://cdn-images.farfetch-contents.com/palm-angels-sunset-bowling-shirt_22029650_52306656_2048.jpg, https://cdn-images.farfetch-contents.com/palm-angels-sunset-bowling-shirt_22029650_52306657_2048.jpg",/en-us/shopping/sunset-bowling-shirt-22029650,,$410,$630,-35%,men_all_products_1.html
,Sunset Swimshort,$395,men_all_products_1,"https://cdn-images.farfetch-contents.com/palm-angels-sunset-swimshort_22030572_52306987_2048.jpg, https://cdn-images.farfetch-contents.com/palm-angels-sunset-swimshort_22030572_52306982_2048.jpg, https://cdn-images.farfetch-contents.com/palm-angels-sunset-swimshort_22030572_52306984_2048.jpg",/en-us/shopping/sunset-swimshort-22030572,,$257,$395,-35%,men_all_products_1.html
,Paisley Bowling Shirt,$790,men_all_products_1,"https://cdn-images.farfetch-contents.com/palm-angels-paisley-bowling-shirt_22029651_52306671_2048.jpg, https://cdn-images.farfetch-contents.com/palm-angels-paisley-bowling-shirt_22029651_52306662_2048.jpg, https://cdn-images.farfetch-contents.com/palm-angels-paisley-bowling-shirt_22029651_52306663_2048.jpg",/en-us/shopping/paisley-bowling-shirt-22029651,,$514,$790,-35%,men_all_products_1.html
,Paisley Shorts,$730,men_all_products_1,"https://cdn-images.farfetch-contents.com/palm-angels-paisley-shorts_22030556_52306910_2048.jpg, https://cdn-images.farfetch-contents.com/palm-angels-paisley-shorts_22030556_52306905_2048.jpg, https://cdn-images.farfetch-contents.com/palm-angels-paisley-shorts_22030556_52306901_2048.jpg",/en-us/shopping/paisley-shorts-22030556,,$475,$730,-35%,men_all_products_1.html
,Paisley Bowling Shirt,$755,men_all_products_1,"https://cdn-images.farfetch-contents.com/palm-angels-paisley-bowling-shirt_22030581_52917320_2048.jpg, https://cdn-images.farfetch-contents.com/palm-angels-paisley-bowling-shirt_22030581_52917317_2048.jpg, https://cdn-images.farfetch-contents.com/palm-angels-paisley-bowling-shirt_22030581_52917318_2048.jpg",/en-us/shopping/paisley-bowling-shirt-22030581,,$491,$755,-35%,men_all_products_1.html
,Paisley Swimshort,$435,men_all_products_1,"https://cdn-images.farfetch-contents.com/palm-angels-paisley-swimshort_22028709_52306414_2048.jpg, https://cdn-images.farfetch-contents.com/palm-angels-paisley-swimshort_22028709_52306403_2048.jpg, https://cdn-images.farfetch-contents.com/palm-angels-paisley-swimshort_22028709_52306408_2048.jpg",/en-us/shopping/paisley-swimshort-22028709,,$283,$435,-35%,men_all_products_1.html
,Overshirt Stripes Monogram,"$1,190",men_all_products_1,"https://cdn-images.farfetch-contents.com/palm-angels-overshirt-stripes-monogram_22030571_52306983_2048.jpg, https://cdn-images.farfetch-contents.com/palm-angels-overshirt-stripes-monogram_22030571_52306974_2048.jpg, https://cdn-images.farfetch-contents.com/palm-angels-overshirt-stripes-monogram_22030571_52306970_2048.jpg",/en-us/shopping/overshirt-stripes-monogram-22030571,,$774,"$1,190",-35%,men_all_products_1.html
,Shorts Stripes Monogram,$630,men_all_products_1,"https://cdn-images.farfetch-contents.com/palm-angels-shorts-stripes-monogram_22030557_52306919_2048.jpg, https://cdn-images.farfetch-contents.com/palm-angels-shorts-stripes-monogram_22030557_52306912_2048.jpg, https://cdn-images.farfetch-contents.com/palm-angels-shorts-stripes-monogram_22030557_52306914_2048.jpg",/en-us/shopping/shorts-stripes-monogram-22030557,,$410,$630,-35%,men_all_products_1.html
,The Palm Socks,$95,men_all_products_2,"https://cdn-images.farfetch-contents.com/palm-angels-the-palm-socks_22030616_52307200_2048.jpg, https://cdn-images.farfetch-contents.com/palm-angels-the-palm-socks_22030616_52307199_2048.jpg, https://cdn-images.farfetch-contents.com/palm-angels-the-palm-socks_22030616_52307200_2048.jpg",/en-us/shopping/the-palm-socks-22030616,,,$95,,men_all_products_2.html
,Sandals Depa Palm Angels X Suicoke,$283,men_all_products_2,"https://cdn-images.farfetch-contents.com/suicoke-x-palm-angels-sandals-depa-palm-angels-x-suicoke_22534009_52456194_2048.jpg, https://cdn-images.farfetch-contents.com/suicoke-x-palm-angels-sandals-depa-palm-angels-x-suicoke_22534009_52456193_2048.jpg, https://cdn-images.farfetch-contents.com/suicoke-x-palm-angels-sandals-depa-palm-angels-x-suicoke_22534009_52456197_2048.jpg",/en-us/shopping/sandals-depa-palm-angels-x-suicoke-22534009,,$184,$283,-35%,men_all_products_2.html
,Dice Game Back Logo Crewneck,$620,men_all_products_2,"https://cdn-images.farfetch-contents.com/palm-angels-dice-game-back-logo-crewneck_21777403_51849742_2048.jpg, https://cdn-images.farfetch-contents.com/palm-angels-dice-game-back-logo-crewneck_21777403_51849729_2048.jpg, https://cdn-images.farfetch-contents.com/palm-angels-dice-game-back-logo-crewneck_21777403_51849709_2048.jpg",/en-us/shopping/dice-game-back-logo-crewneck-21777403,,$403,$620,-35%,men_all_products_2.html
,Dice Game Tie Dye Hoodie,$790,men_all_products_2,"https://cdn-images.farfetch-contents.com/palm-angels-dice-game-tie-dye-hoodie_21773716_51847367_2048.jpg, https://cdn-images.farfetch-contents.com/palm-angels-dice-game-tie-dye-hoodie_21773716_51847352_2048.jpg, https://cdn-images.farfetch-contents.com/palm-angels-dice-game-tie-dye-hoodie_21773716_51847335_2048.jpg",/en-us/shopping/dice-game-tie-dye-hoodie-21773716,,$514,$790,-35%,men_all_products_2.html
,Hoodie I Am Lost,$660,men_all_products_2,"https://cdn-images.farfetch-contents.com/palm-angels-hoodie-i-am-lost_22030546_52306852_2048.jpg, https://cdn-images.farfetch-contents.com/palm-angels-hoodie-i-am-lost_22030546_52306844_2048.jpg, https://cdn-images.farfetch-contents.com/palm-angels-hoodie-i-am-lost_22030546_52306843_2048.jpg",/en-us/shopping/hoodie-i-am-lost-22030546,,$429,$660,-35%,men_all_products_2.html
,I Am Lost T-Shirt,$435,men_all_products_2,"https://cdn-images.farfetch-contents.com/palm-angels-i-am-lost-t-shirt_22846868_52957839_2048.jpg, https://cdn-images.farfetch-contents.com/palm-angels-i-am-lost-t-shirt_22846868_52957837_2048.jpg, https://cdn-images.farfetch-contents.com/palm-angels-i-am-lost-t-shirt_22846868_52957831_2048.jpg",/en-us/shopping/i-am-lost-t-shirt-22846868,,$283,$435,-35%,men_all_products_2.html
,Monogram Spray City T-Shirt New York,$295,men_all_products_2,"https://cdn-images.farfetch-contents.com/palm-angels-monogram-spray-city-t-shirt-new-york_22030625_53217663_2048.jpg, https://cdn-images.farfetch-contents.com/palm-angels-monogram-spray-city-t-shirt-new-york_22030625_53217655_2048.jpg, https://cdn-images.farfetch-contents.com/palm-angels-monogram-spray-city-t-shirt-new-york_22030625_53217656_2048.jpg",/en-us/shopping/monogram-spray-city-t-shirt-new-york-22030625,,,$295,,men_all_products_2.html
,Monogram Pockets Pants,"$1,060",men_all_products_2,"https://cdn-images.farfetch-contents.com/palm-angels-monogram-pockets-pants_21777414_51850120_2048.jpg, https://cdn-images.farfetch-contents.com/palm-angels-monogram-pockets-pants_21777414_51850101_2048.jpg, https://cdn-images.farfetch-contents.com/palm-angels-monogram-pockets-pants_21777414_51850121_2048.jpg",/en-us/shopping/monogram-pockets-pants-21777414,,$690,"$1,060",-35%,men_all_products_2.html
,Monogram Denim Shirt,"$1,175",men_all_products_2,"https://cdn-images.farfetch-contents.com/palm-angels-monogram-denim-shirt_21777474_51851384_2048.jpg, https://cdn-images.farfetch-contents.com/palm-angels-monogram-denim-shirt_21777474_51851370_2048.jpg, https://cdn-images.farfetch-contents.com/palm-angels-monogram-denim-shirt_21777474_51851366_2048.jpg",/en-us/shopping/monogram-denim-shirt-21777474,,$764,"$1,175",-35%,men_all_products_2.html
,Monogram Denim,$860,men_all_products_2,"https://cdn-images.farfetch-contents.com/palm-angels-monogram-denim_21777472_51851338_2048.jpg, https://cdn-images.farfetch-contents.com/palm-angels-monogram-denim_21777472_51851326_2048.jpg, https://cdn-images.farfetch-contents.com/palm-angels-monogram-denim_21777472_51851323_2048.jpg",/en-us/shopping/monogram-denim-21777472,,,$860,,men_all_products_2.html
,Logo Military Plate Necklace,$290,men_all_products_2,"https://cdn-images.farfetch-contents.com/palm-angels-logo-military-plate-necklace_22030610_52307187_2048.jpg, https://cdn-images.farfetch-contents.com/palm-angels-logo-military-plate-necklace_22030610_52307186_2048.jpg, https://cdn-images.farfetch-contents.com/palm-angels-logo-military-plate-necklace_22030610_52307192_2048.jpg",/en-us/shopping/logo-military-plate-necklace-22030610,,,$290,,men_all_products_2.html
,PA Espadrillas,$525,men_all_products_2,"https://cdn-images.farfetch-contents.com/palm-angels-pa-espadrillas_21786029_51851662_2048.jpg, https://cdn-images.farfetch-contents.com/palm-angels-pa-espadrillas_21786029_51851653_2048.jpg, https://cdn-images.farfetch-contents.com/palm-angels-pa-espadrillas_21786029_51851654_2048.jpg",/en-us/shopping/pa-espadrillas-21786029,,$341,$525,-35%,men_all_products_2.html
,LONDON SPRAYED T-SHIRT,$295,men_all_products_2,"https://cdn-images.farfetch-contents.com/palm-angels-london-sprayed-t-shirt_16665819_36645872_2048.jpg, https://cdn-images.farfetch-contents.com/palm-angels-london-sprayed-t-shirt_16665819_36646693_2048.jpg, https://cdn-images.farfetch-contents.com/palm-angels-london-sprayed-t-shirt_16665819_36646694_2048.jpg",/en-us/shopping/london-sprayed-t-shirt-16665819,,$192,$295,-35%,men_all_products_2.html
,PARIS SPRAYED T-SHIRT,$295,men_all_products_2,"https://cdn-images.farfetch-contents.com/palm-angels-paris-sprayed-t-shirt_16237740_36647311_2048.jpg, https://cdn-images.farfetch-contents.com/palm-angels-paris-sprayed-t-shirt_16237740_36647307_2048.jpg, https://cdn-images.farfetch-contents.com/palm-angels-paris-sprayed-t-shirt_16237740_36647309_2048.jpg",/en-us/shopping/paris-sprayed-t-shirt-16237740,,$192,$295,-35%,men_all_products_2.html
,Sunset Track Shirt,"$1,295",men_all_products_2,"https://cdn-images.farfetch-contents.com/palm-angels-sunset-track-shirt_22030549_52306864_2048.jpg, https://cdn-images.farfetch-contents.com/palm-angels-sunset-track-shirt_22030549_52306860_2048.jpg, https://cdn-images.farfetch-contents.com/palm-angels-sunset-track-shirt_22030549_52306858_2048.jpg",/en-us/shopping/sunset-track-shirt-22030549,,$842,"$1,295",-35%,men_all_products_2.html
,Track Pants Sunset,"$1,325",men_all_products_2,"https://cdn-images.farfetch-contents.com/palm-angels-track-pants-sunset_22030570_53217629_2048.jpg, https://cdn-images.farfetch-contents.com/palm-angels-track-pants-sunset_22030570_53217617_2048.jpg, https://cdn-images.farfetch-contents.com/palm-angels-track-pants-sunset_22030570_53217616_2048.jpg",/en-us/shopping/track-pants-sunset-22030570,,$862,"$1,325",-35%,men_all_products_2.html
,Embroidered Logo Slim T-Shirt,$510,men_all_products_2,"https://cdn-images.farfetch-contents.com/palm-angels-embroidered-logo-slim-t-shirt_20205628_45722257_2048.jpg, https://cdn-images.farfetch-contents.com/palm-angels-embroidered-logo-slim-t-shirt_20205628_45722251_2048.jpg, https://cdn-images.farfetch-contents.com/palm-angels-embroidered-logo-slim-t-shirt_20205628_45722250_2048.jpg",/en-us/shopping/embroidered-logo-slim-t-shirt-20205628,,,$510,,men_all_products_2.html
,Embroidered Logo Slim T-Shirt,$510,men_all_products_2,"https://cdn-images.farfetch-contents.com/palm-angels-embroidered-logo-slim-t-shirt_20205629_45722263_2048.jpg, https://cdn-images.farfetch-contents.com/palm-angels-embroidered-logo-slim-t-shirt_20205629_45720527_2048.jpg, https://cdn-images.farfetch-contents.com/palm-angels-embroidered-logo-slim-t-shirt_20205629_45720528_2048.jpg",/en-us/shopping/embroidered-logo-slim-t-shirt-20205629,,,$510,,men_all_products_2.html
,Monogram Stud Classic T-Shirt,$560,men_all_products_2,"https://cdn-images.farfetch-contents.com/palm-angels-monogram-stud-classic-t-shirt_21773701_51846801_2048.jpg, https://cdn-images.farfetch-contents.com/palm-angels-monogram-stud-classic-t-shirt_21773701_51846751_2048.jpg, https://cdn-images.farfetch-contents.com/palm-angels-monogram-stud-classic-t-shirt_21773701_51846800_2048.jpg",/en-us/shopping/monogram-stud-classic-t-shirt-21773701,,$364,$560,-35%,men_all_products_2.html
,Milano Stud Loose T-Shirt,$660,men_all_products_2,"https://cdn-images.farfetch-contents.com/palm-angels-milano-stud-loose-t-shirt_21773703_51846899_2048.jpg, https://cdn-images.farfetch-contents.com/palm-angels-milano-stud-loose-t-shirt_21773703_51846850_2048.jpg, https://cdn-images.farfetch-contents.com/palm-angels-milano-stud-loose-t-shirt_21773703_51846849_2048.jpg",/en-us/shopping/milano-stud-loose-t-shirt-21773703,,$429,$660,-35%,men_all_products_2.html
,Raffia Tote Bag,$860,men_all_products_2,"https://cdn-images.farfetch-contents.com/palm-angels-raffia-tote-bag_21773749_51848349_2048.jpg, https://cdn-images.farfetch-contents.com/palm-angels-raffia-tote-bag_21773749_51848323_2048.jpg, https://cdn-images.farfetch-contents.com/palm-angels-raffia-tote-bag_21773749_51848322_2048.jpg",/en-us/shopping/raffia-tote-bag-21773749,,$560,$860,-35%,men_all_products_2.html
,PA Milano Bucket,$395,men_all_products_2,"https://cdn-images.farfetch-contents.com/palm-angels-pa-milano-bucket_21773748_51848299_2048.jpg, https://cdn-images.farfetch-contents.com/palm-angels-pa-milano-bucket_21773748_51848295_2048.jpg, https://cdn-images.farfetch-contents.com/palm-angels-pa-milano-bucket_21773748_51848297_2048.jpg",/en-us/shopping/pa-milano-bucket-21773748,,$257,$395,-35%,men_all_products_2.html
,Back Logo Check Overshirt,"$1,125",men_all_products_2,"https://cdn-images.farfetch-contents.com/palm-angels-back-logo-check-overshirt_21773731_51847776_2048.jpg, https://cdn-images.farfetch-contents.com/palm-angels-back-logo-check-overshirt_21773731_51847749_2048.jpg, https://cdn-images.farfetch-contents.com/palm-angels-back-logo-check-overshirt_21773731_51847779_2048.jpg",/en-us/shopping/back-logo-check-overshirt-21773731,,,"$1,125",,men_all_products_2.html
,Club Check Overshirt With Logo,"$1,095",men_all_products_2,"https://cdn-images.farfetch-contents.com/palm-angels-club-check-overshirt-with-logo_22030568_52306962_2048.jpg, https://cdn-images.farfetch-contents.com/palm-angels-club-check-overshirt-with-logo_22030568_52306957_2048.jpg, https://cdn-images.farfetch-contents.com/palm-angels-club-check-overshirt-with-logo_22030568_52306958_2048.jpg",/en-us/shopping/club-check-overshirt-with-logo-22030568,,$712,"$1,095",-35%,men_all_products_2.html
,Sweatshirt Palm Dream,$595,men_all_products_2,"https://cdn-images.farfetch-contents.com/palm-angels-sweatshirt-palm-dream_22030541_52306825_2048.jpg, https://cdn-images.farfetch-contents.com/palm-angels-sweatshirt-palm-dream_22030541_52306808_2048.jpg, https://cdn-images.farfetch-contents.com/palm-angels-sweatshirt-palm-dream_22030541_52306812_2048.jpg",/en-us/shopping/sweatshirt-palm-dream-22030541,,$387,$595,-35%,men_all_products_2.html
,Iphone 15 Case The Palm,$125,men_all_products_2,"https://cdn-images.farfetch-contents.com/palm-angels-iphone-15-case-the-palm_22030611_52658432_2048.jpg, https://cdn-images.farfetch-contents.com/palm-angels-iphone-15-case-the-palm_22030611_52658434_2048.jpg, https://cdn-images.farfetch-contents.com/palm-angels-iphone-15-case-the-palm_22030611_52658432_2048.jpg",/en-us/shopping/iphone-15-case-the-palm-22030611,,,$125,,men_all_products_2.html
,T-Shirt Palm Oasis,$395,men_all_products_2,"https://cdn-images.farfetch-contents.com/palm-angels-t-shirt-palm-oasis_22028702_52306366_2048.jpg, https://cdn-images.farfetch-contents.com/palm-angels-t-shirt-palm-oasis_22028702_52306362_2048.jpg, https://cdn-images.farfetch-contents.com/palm-angels-t-shirt-palm-oasis_22028702_52306363_2048.jpg",/en-us/shopping/t-shirt-palm-oasis-22028702,,$257,$395,-35%,men_all_products_2.html
,Palm Dream T-Shirt,$395,men_all_products_2,"https://cdn-images.farfetch-contents.com/palm-angels-palm-dream-t-shirt_22030530_52306778_2048.jpg, https://cdn-images.farfetch-contents.com/palm-angels-palm-dream-t-shirt_22030530_52306772_2048.jpg, https://cdn-images.farfetch-contents.com/palm-angels-palm-dream-t-shirt_22030530_52306774_2048.jpg",/en-us/shopping/palm-dream-t-shirt-22030530,,$257,$395,-35%,men_all_products_2.html
,BEAR HOODIE,$925,men_all_products_2,"https://cdn-images.farfetch-contents.com/palm-angels-bear-hoodie_16865283_44203960_2048.jpg, https://cdn-images.farfetch-contents.com/palm-angels-bear-hoodie_16865283_44207050_2048.jpg, https://cdn-images.farfetch-contents.com/palm-angels-bear-hoodie_16865283_44207049_2048.jpg",/en-us/shopping/bear-hoodie-16865283,,$602,$925,-35%,men_all_products_2.html
,BEAR CREW SWEATSHIRT,$895,men_all_products_2,"https://cdn-images.farfetch-contents.com/palm-angels-bear-crew-sweatshirt_18438553_39841396_2048.jpg, https://cdn-images.farfetch-contents.com/palm-angels-bear-crew-sweatshirt_18438553_39840305_2048.jpg, https://cdn-images.farfetch-contents.com/palm-angels-bear-crew-sweatshirt_18438553_39841389_2048.jpg",/en-us/shopping/bear-crew-sweatshirt-18438553,,$582,$895,-35%,men_all_products_2.html
,Curved Logo Cardigan,$660,men_all_products_2,"https://cdn-images.farfetch-contents.com/palm-angels-curved-logo-cardigan_21773738_51848031_2048.jpg, https://cdn-images.farfetch-contents.com/palm-angels-curved-logo-cardigan_21773738_51848011_2048.jpg, https://cdn-images.farfetch-contents.com/palm-angels-curved-logo-cardigan_21773738_51848008_2048.jpg",/en-us/shopping/curved-logo-cardigan-21773738,,,$660,,men_all_products_2.html
,Cotton Straight Leg Pants,$790,men_all_products_2,"https://cdn-images.farfetch-contents.com/palm-angels-cotton-straight-leg-pants_22030554_52306892_2048.jpg, https://cdn-images.farfetch-contents.com/palm-angels-cotton-straight-leg-pants_22030554_52306890_2048.jpg, https://cdn-images.farfetch-contents.com/palm-angels-cotton-straight-leg-pants_22030554_52306889_2048.jpg",/en-us/shopping/cotton-straight-leg-pants-22030554,,$514,$790,-35%,men_all_products_2.html
,Logo Sweatshirt,$500,men_all_products_2,"https://cdn-images.farfetch-contents.com/palm-angels-logo-sweatshirt_22030539_53217597_2048.jpg, https://cdn-images.farfetch-contents.com/palm-angels-logo-sweatshirt_22030539_53217592_2048.jpg, https://cdn-images.farfetch-contents.com/palm-angels-logo-sweatshirt_22030539_53217590_2048.jpg",/en-us/shopping/logo-sweatshirt-22030539,,$325,$500,-35%,men_all_products_2.html
,Logo Hoodie,$565,men_all_products_2,"https://cdn-images.farfetch-contents.com/palm-angels-logo-hoodie_22030545_52306842_2048.jpg, https://cdn-images.farfetch-contents.com/palm-angels-logo-hoodie_22030545_52306838_2048.jpg, https://cdn-images.farfetch-contents.com/palm-angels-logo-hoodie_22030545_52306836_2048.jpg",/en-us/shopping/logo-hoodie-22030545,,$367,$565,-35%,men_all_products_2.html
,Palms Allover Track Jacket,$790,men_all_products_2,"https://cdn-images.farfetch-contents.com/palm-angels-palms-allover-track-jacket_21773719_51847474_2048.jpg, https://cdn-images.farfetch-contents.com/palm-angels-palms-allover-track-jacket_21773719_51847450_2048.jpg, https://cdn-images.farfetch-contents.com/palm-angels-palms-allover-track-jacket_21773719_51847459_2048.jpg",/en-us/shopping/palms-allover-track-jacket-21773719,,$514,$790,-35%,men_all_products_2.html
,Palms Allover Track Pants,$725,men_all_products_2,"https://cdn-images.farfetch-contents.com/palm-angels-palms-allover-track-pants_21777420_51850224_2048.jpg, https://cdn-images.farfetch-contents.com/palm-angels-palms-allover-track-pants_21777420_51850215_2048.jpg, https://cdn-images.farfetch-contents.com/palm-angels-palms-allover-track-pants_21777420_51850236_2048.jpg",/en-us/shopping/palms-allover-track-pants-21777420,,$471,$725,-35%,men_all_products_2.html
,Buckle Monogram Backpack,"$1,060",men_all_products_2,"https://cdn-images.farfetch-contents.com/palm-angels-buckle-monogram-backpack_21776176_51848704_2048.jpg, https://cdn-images.farfetch-contents.com/palm-angels-buckle-monogram-backpack_21776176_51848660_2048.jpg, https://cdn-images.farfetch-contents.com/palm-angels-buckle-monogram-backpack_21776176_51848705_2048.jpg",/en-us/shopping/buckle-monogram-backpack-21776176,,,"$1,060",,men_all_products_2.html
,Allover Palms Bucket,$260,men_all_products_2,"https://cdn-images.farfetch-contents.com/palm-angels-allover-palms-bucket_21776174_51848626_2048.jpg, https://cdn-images.farfetch-contents.com/palm-angels-allover-palms-bucket_21776174_51848624_2048.jpg, https://cdn-images.farfetch-contents.com/palm-angels-allover-palms-bucket_21776174_51848631_2048.jpg",/en-us/shopping/allover-palms-bucket-21776174,,$169,$260,-35%,men_all_products_2.html
,Palms Allover Track Jacket,$790,men_all_products_2,"https://cdn-images.farfetch-contents.com/palm-angels-palms-allover-track-jacket_21773720_51847504_2048.jpg, https://cdn-images.farfetch-contents.com/palm-angels-palms-allover-track-jacket_21773720_51847475_2048.jpg, https://cdn-images.farfetch-contents.com/palm-angels-palms-allover-track-jacket_21773720_51847477_2048.jpg",/en-us/shopping/palms-allover-track-jacket-21773720,,$514,$790,-35%,men_all_products_2.html
,Palms Allover Track Pants,$725,men_all_products_2,"https://cdn-images.farfetch-contents.com/palm-angels-palms-allover-track-pants_21773726_51847691_2048.jpg, https://cdn-images.farfetch-contents.com/palm-angels-palms-allover-track-pants_21773726_51847648_2048.jpg, https://cdn-images.farfetch-contents.com/palm-angels-palms-allover-track-pants_21773726_51847641_2048.jpg",/en-us/shopping/palms-allover-track-pants-21773726,,$471,$725,-35%,men_all_products_2.html
,Patchwork Palms Shirt,$630,men_all_products_2,"https://cdn-images.farfetch-contents.com/palm-angels-patchwork-palms-shirt_21773736_51847979_2048.jpg, https://cdn-images.farfetch-contents.com/palm-angels-patchwork-palms-shirt_21773736_51847943_2048.jpg, https://cdn-images.farfetch-contents.com/palm-angels-patchwork-palms-shirt_21773736_51847978_2048.jpg",/en-us/shopping/patchwork-palms-shirt-21773736,,$410,$630,-35%,men_all_products_2.html
,Patchwork Palms Swimshorts,$445,men_all_products_2,"https://cdn-images.farfetch-contents.com/palm-angels-patchwork-palms-swimshorts_21777431_51850810_2048.jpg, https://cdn-images.farfetch-contents.com/palm-angels-patchwork-palms-swimshorts_21777431_51850746_2048.jpg, https://cdn-images.farfetch-contents.com/palm-angels-patchwork-palms-swimshorts_21777431_51850737_2048.jpg",/en-us/shopping/patchwork-palms-swimshorts-21777431,,$289,$445,-35%,men_all_products_2.html
,Logo Cap,$225,men_all_products_2,"https://cdn-images.farfetch-contents.com/palm-angels-logo-cap_22030596_52307128_2048.jpg, https://cdn-images.farfetch-contents.com/palm-angels-logo-cap_22030596_52307125_2048.jpg, https://cdn-images.farfetch-contents.com/palm-angels-logo-cap_22030596_52307126_2048.jpg",/en-us/shopping/logo-cap-22030596,,$146,$225,-35%,men_all_products_2.html
,Monogram Pool Slider,$300,men_all_products_2,"https://cdn-images.farfetch-contents.com/palm-angels-monogram-pool-slider_22030594_52658431_2048.jpg, https://cdn-images.farfetch-contents.com/palm-angels-monogram-pool-slider_22030594_52658428_2048.jpg, https://cdn-images.farfetch-contents.com/palm-angels-monogram-pool-slider_22030594_52658426_2048.jpg",/en-us/shopping/monogram-pool-slider-22030594,,,$300,,men_all_products_2.html
,PA City Washed Crewneck,$460,men_all_products_2,"https://cdn-images.farfetch-contents.com/palm-angels-pa-city-washed-crewneck_21773714_51847295_2048.jpg, https://cdn-images.farfetch-contents.com/palm-angels-pa-city-washed-crewneck_21773714_51847284_2048.jpg, https://cdn-images.farfetch-contents.com/palm-angels-pa-city-washed-crewneck_21773714_51847281_2048.jpg",/en-us/shopping/pa-city-washed-crewneck-21773714,,$299,$460,-35%,men_all_products_2.html
,Curved Logo Zip Knit Hoodie,$725,men_all_products_2,"https://cdn-images.farfetch-contents.com/palm-angels-curved-logo-zip-knit-hoodie_21777444_51851078_2048.jpg, https://cdn-images.farfetch-contents.com/palm-angels-curved-logo-zip-knit-hoodie_21777444_51851068_2048.jpg, https://cdn-images.farfetch-contents.com/palm-angels-curved-logo-zip-knit-hoodie_21777444_51851070_2048.jpg",/en-us/shopping/curved-logo-zip-knit-hoodie-21777444,,,$725,,men_all_products_2.html
,Curved Logo Cardigan,$660,men_all_products_2,"https://cdn-images.farfetch-contents.com/palm-angels-curved-logo-cardigan_21777437_51850977_2048.jpg, https://cdn-images.farfetch-contents.com/palm-angels-curved-logo-cardigan_21777437_51850955_2048.jpg, https://cdn-images.farfetch-contents.com/palm-angels-curved-logo-cardigan_21777437_51850957_2048.jpg",/en-us/shopping/curved-logo-cardigan-21777437,,,$660,,men_all_products_2.html
,Cheetah Track Shirt,"$1,125",men_all_products_2,"https://cdn-images.farfetch-contents.com/palm-angels-cheetah-track-shirt_22030550_52306877_2048.jpg, https://cdn-images.farfetch-contents.com/palm-angels-cheetah-track-shirt_22030550_52306865_2048.jpg, https://cdn-images.farfetch-contents.com/palm-angels-cheetah-track-shirt_22030550_52306871_2048.jpg",/en-us/shopping/cheetah-track-shirt-22030550,,$732,"$1,125",-35%,men_all_products_2.html
,Cheetah Track Pants,"$1,190",men_all_products_2,"https://cdn-images.farfetch-contents.com/palm-angels-cheetah-track-pants_22030562_52455098_2048.jpg, https://cdn-images.farfetch-contents.com/palm-angels-cheetah-track-pants_22030562_52455070_2048.jpg, https://cdn-images.farfetch-contents.com/palm-angels-cheetah-track-pants_22030562_52455057_2048.jpg",/en-us/shopping/cheetah-track-pants-22030562,,$774,"$1,190",-35%,men_all_products_2.html
,Monogram Pin T-Shirt,$460,men_all_products_2,"https://cdn-images.farfetch-contents.com/palm-angels-monogram-pin-t-shirt_21773708_51847023_2048.jpg, https://cdn-images.farfetch-contents.com/palm-angels-monogram-pin-t-shirt_21773708_51846967_2048.jpg, https://cdn-images.farfetch-contents.com/palm-angels-monogram-pin-t-shirt_21773708_51846985_2048.jpg",/en-us/shopping/monogram-pin-t-shirt-21773708,,$299,$460,-35%,men_all_products_2.html
,Cheetah Swimshort,$400,men_all_products_2,"https://cdn-images.farfetch-contents.com/palm-angels-cheetah-swimshort_22028710_52306425_2048.jpg, https://cdn-images.farfetch-contents.com/palm-angels-cheetah-swimshort_22028710_52306415_2048.jpg, https://cdn-images.farfetch-contents.com/palm-angels-cheetah-swimshort_22028710_52306418_2048.jpg",/en-us/shopping/cheetah-swimshort-22028710,,$260,$400,-35%,men_all_products_2.html
,Burning Monogram T-Shirt,$495,men_all_products_2,"https://cdn-images.farfetch-contents.com/palm-angels-burning-monogram-t-shirt_21773704_51846926_2048.jpg, https://cdn-images.farfetch-contents.com/palm-angels-burning-monogram-t-shirt_21773704_51846901_2048.jpg, https://cdn-images.farfetch-contents.com/palm-angels-burning-monogram-t-shirt_21773704_51846900_2048.jpg",/en-us/shopping/burning-monogram-t-shirt-21773704,,$322,$495,-35%,men_all_products_2.html
,Foggy PA T-Shirt,$490,men_all_products_2,"https://cdn-images.farfetch-contents.com/palm-angels-foggy-pa-t-shirt_21773706_51846966_2048.jpg, https://cdn-images.farfetch-contents.com/palm-angels-foggy-pa-t-shirt_21773706_51846941_2048.jpg, https://cdn-images.farfetch-contents.com/palm-angels-foggy-pa-t-shirt_21773706_51846960_2048.jpg",/en-us/shopping/foggy-pa-t-shirt-21773706,,$319,$490,-35%,men_all_products_2.html
,Monogram Nylon Track Jacket,"$1,150",men_all_products_2,"https://cdn-images.farfetch-contents.com/palm-angels-monogram-nylon-track-jacket_21773730_52454628_2048.jpg, https://cdn-images.farfetch-contents.com/palm-angels-monogram-nylon-track-jacket_21773730_52454584_2048.jpg, https://cdn-images.farfetch-contents.com/palm-angels-monogram-nylon-track-jacket_21773730_52454605_2048.jpg",/en-us/shopping/monogram-nylon-track-jacket-21773730,,,"$1,150",,men_all_products_2.html
,Monogram Nylon Track Pants,$790,men_all_products_2,"https://cdn-images.farfetch-contents.com/palm-angels-monogram-nylon-track-pants_21777421_51850320_2048.jpg, https://cdn-images.farfetch-contents.com/palm-angels-monogram-nylon-track-pants_21777421_51850251_2048.jpg, https://cdn-images.farfetch-contents.com/palm-angels-monogram-nylon-track-pants_21777421_51850270_2048.jpg",/en-us/shopping/monogram-nylon-track-pants-21777421,,,$790,,men_all_products_2.html
,Monogram Track Hoodie,$710,men_all_products_2,"https://cdn-images.farfetch-contents.com/palm-angels-monogram-track-hoodie_21773718_51847454_2048.jpg, https://cdn-images.farfetch-contents.com/palm-angels-monogram-track-hoodie_21773718_51847412_2048.jpg, https://cdn-images.farfetch-contents.com/palm-angels-monogram-track-hoodie_21773718_51847403_2048.jpg",/en-us/shopping/monogram-track-hoodie-21773718,,$462,$710,-35%,men_all_products_2.html
,Dice Game Logo Classic T-Shirt,$490,men_all_products_2,"https://cdn-images.farfetch-contents.com/palm-angels-dice-game-logo-classic-t-shirt_21773709_51847112_2048.jpg, https://cdn-images.farfetch-contents.com/palm-angels-dice-game-logo-classic-t-shirt_21773709_51847025_2048.jpg, https://cdn-images.farfetch-contents.com/palm-angels-dice-game-logo-classic-t-shirt_21773709_51847080_2048.jpg",/en-us/shopping/dice-game-logo-classic-t-shirt-21773709,,$319,$490,-35%,men_all_products_2.html
,Monogram Coach Jacket,"$1,295",men_all_products_2,"https://cdn-images.farfetch-contents.com/palm-angels-monogram-coach-jacket_21777426_51850528_2048.jpg, https://cdn-images.farfetch-contents.com/palm-angels-monogram-coach-jacket_21777426_51850476_2048.jpg, https://cdn-images.farfetch-contents.com/palm-angels-monogram-coach-jacket_21777426_51850462_2048.jpg",/en-us/shopping/monogram-coach-jacket-21777426,,$842,"$1,295",-35%,men_all_products_2.html
,Multipockets Overshirt,"$1,655",men_all_products_2,"https://cdn-images.farfetch-contents.com/palm-angels-multipockets-overshirt_21777430_51850733_2048.jpg, https://cdn-images.farfetch-contents.com/palm-angels-multipockets-overshirt_21777430_51850659_2048.jpg, https://cdn-images.farfetch-contents.com/palm-angels-multipockets-overshirt_21777430_51850660_2048.jpg",/en-us/shopping/multipockets-overshirt-21777430,,"$1,074","$1,655",-35%,men_all_products_2.html
,Monogram Stud Track Jacket,"$1,325",men_all_products_2,"https://cdn-images.farfetch-contents.com/palm-angels-monogram-stud-track-jacket_21777395_51849558_2048.jpg, https://cdn-images.farfetch-contents.com/palm-angels-monogram-stud-track-jacket_21777395_51849521_2048.jpg, https://cdn-images.farfetch-contents.com/palm-angels-monogram-stud-track-jacket_21777395_51849501_2048.jpg",/en-us/shopping/monogram-stud-track-jacket-21777395,,$851,"$1,325",-35%,men_all_products_2.html
