category,product_title,product_price,product_discountedPrice,product_position,product_cod10,product_brand,product_category,product_macro_category,product_micro_category,product_macro_category_id,product_color,product_color_id,product_micro_category_id,product_price_tf,product_discountedPrice_tf,product_quantity,product_coupon,product_is_in_stock,a_href,img,filename
jackets,42330 LINO NYLON TELA-TC,1023,1023,0,16307489WX,STONE ISLAND,224/36839,COATS & JACKETS,LIGHTWEIGHT JACKET,224,Ecru,20695,36839,1023.0,1023.0,1,,True,https://www.stoneisland.com/us/stone-island/lightweight-jacket_cod16307489wx.html#dept=ctsjckts,https://cdn.yoox.biz/16/16307489WX_13_f.jpg,jackets.html
jackets,G06E1 DISSOLVING GRID CAMO ON ECONYL® REGENERATED NYLON WITH PRIMALOFT® INSULATION TECHNOLOGY,1248,1248,1,16352708QB,STONE ISLAND,224/1256,COATS & JACKETS,Vest,224,Ecru,20695,1256,1248.0,1248.0,1,,True,https://www.stoneisland.com/us/stone-island/vest_cod16352708qb.html#dept=ctsjckts,https://cdn.yoox.biz/16/16352708QB_13_f.jpg,jackets.html
jackets,438E1 DISSOLVING GRID CAMO ON ECONYL® REGENERATED NYLON,1640,1640,2,16307469BF,STONE ISLAND,224/36839,COATS & JACKETS,LIGHTWEIGHT JACKET,224,Gray,3155,36839,1640.0,1640.0,1,,True,https://www.stoneisland.com/us/stone-island/lightweight-jacket_cod16307469bf.html#dept=ctsjckts,https://cdn.yoox.biz/16/16307469BF_13_f.jpg,jackets.html
jackets,43935 BIO RASO WITH BIO-ALLOY™ LIGHT COVER-TC AND KNIT,1113,1113,3,16307492PL,STONE ISLAND,224/28298,COATS & JACKETS,BOMBER,224,Dust Gray,20738,28298,1113.0,1113.0,1,,True,https://www.stoneisland.com/us/stone-island/bomber_cod16307492pl.html#dept=ctsjckts,https://cdn.yoox.biz/16/16307492PL_13_f.jpg,jackets.html
jackets,42732 POLYESTER TELA WITH DAVID LIGHT-TC,1038,1038,4,16307525GV,STONE ISLAND,224/36839,COATS & JACKETS,LIGHTWEIGHT JACKET,224,Light Green,3209,36839,1038.0,1038.0,1,,True,https://www.stoneisland.com/us/stone-island/lightweight-jacket_cod16307525gv.html#dept=ctsjckts,None,jackets.html
jackets,41123 MEMBRANA 3L TC,910,910,5,16338805SK,STONE ISLAND,224/36839,COATS & JACKETS,LIGHTWEIGHT JACKET,224,Light Green,3209,36839,910.0,910.0,1,,True,https://www.stoneisland.com/us/stone-island/lightweight-jacket_cod16338805sk.html#dept=ctsjckts,None,jackets.html
jackets,42932 POLYESTER TELA WITH DAVID LIGHT-TC:,985,985,6,16307518MN,STONE ISLAND,224/36839,COATS & JACKETS,LIGHTWEIGHT JACKET,224,Blue,3148,36839,985.0,985.0,1,,True,https://www.stoneisland.com/us/stone-island/lightweight-jacket_cod16307518mn.html#dept=ctsjckts,None,jackets.html
jackets,40327 LIGHT SOFT SHELL-R_e.dye® TECHNOLOGY IN RECYCLED POLYESTER,780,780,7,16306652AJ,STONE ISLAND,224/36839,COATS & JACKETS,LIGHTWEIGHT JACKET,224,Avio Blue,3178,36839,780.0,780.0,1,,True,https://www.stoneisland.com/us/stone-island/lightweight-jacket_cod16306652aj.html#dept=ctsjckts,None,jackets.html
jackets,41123 MEMBRANA 3L TC,910,910,8,16306648XE,STONE ISLAND,224/36839,COATS & JACKETS,LIGHTWEIGHT JACKET,224,Lavender,20709,36839,910.0,910.0,1,,True,https://www.stoneisland.com/us/stone-island/lightweight-jacket_cod16306648xe.html#dept=ctsjckts,None,jackets.html
jackets,41223 MEMBRANA 3L TC,828,828,9,16310884RA,STONE ISLAND,224/36839,COATS & JACKETS,LIGHTWEIGHT JACKET,224,Red,3142,36839,828.0,828.0,1,,True,https://www.stoneisland.com/us/stone-island/lightweight-jacket_cod16310884ra.html#dept=ctsjckts,None,jackets.html
jackets,40227 LIGHT SOFT SHELL-R_e.dye® TECHNOLOGY IN RECYCLED POLYESTER,780,780,10,16306636AS,STONE ISLAND,224/36839,COATS & JACKETS,LIGHTWEIGHT JACKET,224,Red,3142,36839,780.0,780.0,1,,True,https://www.stoneisland.com/us/stone-island/lightweight-jacket_cod16306636as.html#dept=ctsjckts,None,jackets.html
jackets,41123 MEMBRANA 3L TC,910,910,11,16338027XS,STONE ISLAND,224/36839,COATS & JACKETS,LIGHTWEIGHT JACKET,224,Avio Blue,3178,36839,910.0,910.0,1,,True,https://www.stoneisland.com/us/stone-island/lightweight-jacket_cod16338027xs.html#dept=ctsjckts,None,jackets.html
jackets,41920 NYLON METAL WATRO-TC IN ECONYL® REGENERATED NYLON,985,985,12,16307477TL,STONE ISLAND,224/36839,COATS & JACKETS,LIGHTWEIGHT JACKET,224,Sky Blue,20728,36839,985.0,985.0,1,,True,https://www.stoneisland.com/us/stone-island/lightweight-jacket_cod16307477tl.html#dept=ctsjckts,None,jackets.html
jackets,42020 NYLON METAL WATRO-TC IN ECONYL® REGENERATED NYLON,1008,1008,13,16307478WK,STONE ISLAND,224/36839,COATS & JACKETS,LIGHTWEIGHT JACKET,224,Sky Blue,20728,36839,1008.0,1008.0,1,,True,https://www.stoneisland.com/us/stone-island/lightweight-jacket_cod16307478wk.html#dept=ctsjckts,None,jackets.html
jackets,40922 GARMENT DYED CRINKLE REPS R-NY ,788,788,14,16307495MJ,STONE ISLAND,224/36839,COATS & JACKETS,LIGHTWEIGHT JACKET,224,Dove Gray,3211,36839,788.0,788.0,1,,True,https://www.stoneisland.com/us/stone-island/lightweight-jacket_cod16307495mj.html#dept=ctsjckts,None,jackets.html
jackets,42424 LOOM WOVEN CHAMBERS R-NYLON DOWN-TC,820,820,15,16306668KB,STONE ISLAND,224/1319,COATS & JACKETS,Jacket,224,Dove Gray,3211,1319,820.0,820.0,1,,True,https://www.stoneisland.com/us/stone-island/jacket_cod16306668kb.html#dept=ctsjckts,None,jackets.html
jackets,41123 MEMBRANA 3L TC,910,910,16,16338026KB,STONE ISLAND,224/36839,COATS & JACKETS,LIGHTWEIGHT JACKET,224,Sky Blue,20728,36839,910.0,910.0,1,,True,https://www.stoneisland.com/us/stone-island/lightweight-jacket_cod16338026kb.html#dept=ctsjckts,None,jackets.html
jackets,40124 LOOM WOVEN CHAMBERS R-NYLON DOWN-TC,910,910,17,16306671DR,STONE ISLAND,224/1319,COATS & JACKETS,Jacket,224,Light Green,3209,1319,910.0,910.0,1,,True,https://www.stoneisland.com/us/stone-island/jacket_cod16306671dr.html#dept=ctsjckts,None,jackets.html
jackets,G0524 LOOM WOVEN CHAMBERS R-NYLON DOWN-TC,648,648,18,16306906GE,STONE ISLAND,224/1256,COATS & JACKETS,Vest,224,Sky Blue,20728,1256,648.0,648.0,1,,True,https://www.stoneisland.com/us/stone-island/vest_cod16306906ge.html#dept=ctsjckts,None,jackets.html
jackets,70723 MEMBRANA 3L TC,1248,1248,19,16306897PD,STONE ISLAND,224/36845,COATS & JACKETS,LONG JACKET,224,Light Green,3209,36845,1248.0,1248.0,1,,True,https://www.stoneisland.com/us/stone-island/long-jacket_cod16306897pd.html#dept=ctsjckts,None,jackets.html
jackets,440T1 PANAMA TINTO TERRA,985,985,20,16345416SM,STONE ISLAND,224/36839,COATS & JACKETS,LIGHTWEIGHT JACKET,224,Ecru,20695,36839,985.0,985.0,1,,True,https://www.stoneisland.com/us/stone-island/lightweight-jacket_cod16345416sm.html#dept=ctsjckts,https://cdn.yoox.biz/16/16345416SM_13_f.jpg,jackets.html
jackets,71199 DISSOLVING GRID CAMO MESH ON REFLECTIVE ECONYL® REGENERATED NYLON,2360,2360,21,16306872FK,STONE ISLAND,224/36845,COATS & JACKETS,LONG JACKET,224,Dust Gray,20738,36845,2360.0,2360.0,1,,True,https://www.stoneisland.com/us/stone-island/long-jacket_cod16306872fk.html#dept=ctsjckts,https://cdn.yoox.biz/16/16306872FK_13_f.jpg,jackets.html
jackets,71034 BIO RASO WITH BIO-ALLOY™ LIGHT COVER-TC,1285,1285,22,16306908VO,STONE ISLAND,224/36845,COATS & JACKETS,LONG JACKET,224,Dust Gray,20738,36845,1285.0,1285.0,1,,True,https://www.stoneisland.com/us/stone-island/long-jacket_cod16306908vo.html#dept=ctsjckts,https://cdn.yoox.biz/16/16306908VO_13_f.jpg,jackets.html
jackets,43634 BIO RASO WITH BIO-ALLOY™ LIGHT COVER-TC,1285,1285,23,16307499DE,STONE ISLAND,224/36839,COATS & JACKETS,LIGHTWEIGHT JACKET,224,Ecru,20695,36839,1285.0,1285.0,1,,True,https://www.stoneisland.com/us/stone-island/lightweight-jacket_cod16307499de.html#dept=ctsjckts,https://cdn.yoox.biz/16/16307499DE_13_f.jpg,jackets.html
jackets,G0732 POLYESTER TELA WITH DAVID LIGHT-TC:,525,525,24,16306900NH,STONE ISLAND,224/1256,COATS & JACKETS,Vest,224,Black,3138,1256,525.0,525.0,1,,True,https://www.stoneisland.com/us/stone-island/vest_cod16306900nh.html#dept=ctsjckts,https://cdn.yoox.biz/16/16306900NH_13_f.jpg,jackets.html
jackets,41223 MEMBRANA 3L TC,828,828,25,16338033RL,STONE ISLAND,224/36839,COATS & JACKETS,LIGHTWEIGHT JACKET,224,Blue,3148,36839,828.0,828.0,1,,True,https://www.stoneisland.com/us/stone-island/lightweight-jacket_cod16338033rl.html#dept=ctsjckts,https://cdn.yoox.biz/16/16338033RL_13_f.jpg,jackets.html
jackets,438E1 DISSOLVING GRID CAMO ON ECONYL® REGENERATED NYLON,1640,1640,26,16352704HL,STONE ISLAND,224/36839,COATS & JACKETS,LIGHTWEIGHT JACKET,224,Ecru,20695,36839,1640.0,1640.0,1,,True,https://www.stoneisland.com/us/stone-island/lightweight-jacket_cod16352704hl.html#dept=ctsjckts,https://cdn.yoox.biz/16/16352704HL_13_f.jpg,jackets.html
jackets,G06E1 DISSOLVING GRID CAMO ON ECONYL® REGENERATED NYLON WITH PRIMALOFT® INSULATION TECHNOLOGY,1248,1248,27,16306856BA,STONE ISLAND,224/1256,COATS & JACKETS,Vest,224,Gray,3155,1256,1248.0,1248.0,1,,True,https://www.stoneisland.com/us/stone-island/vest_cod16306856ba.html#dept=ctsjckts,https://cdn.yoox.biz/16/16306856BA_13_f.jpg,jackets.html
jackets,70526 MICRO TWILL ,1038,1038,28,16306911SI,STONE ISLAND,224/36845,COATS & JACKETS,LONG JACKET,224,Dove Gray,3211,36845,1038.0,1038.0,1,,True,https://www.stoneisland.com/us/stone-island/long-jacket_cod16306911si.html#dept=ctsjckts,https://cdn.yoox.biz/16/16306911SI_13_f.jpg,jackets.html
jackets,42510 SUPIMA® COTTON TWILL STRETCH-TC,683,683,29,16306654TK,STONE ISLAND,224/36839,COATS & JACKETS,LIGHTWEIGHT JACKET,224,Dust Gray,20738,36839,683.0,683.0,1,,True,https://www.stoneisland.com/us/stone-island/lightweight-jacket_cod16306654tk.html#dept=ctsjckts,https://cdn.yoox.biz/16/16306654TK_13_f.jpg,jackets.html
jackets,431T1 PANAMA TINTO TERRA,1075,1075,30,16306661XL,STONE ISLAND,224/36839,COATS & JACKETS,LIGHTWEIGHT JACKET,224,Pistachio Green,20714,36839,1075.0,1075.0,1,,True,https://www.stoneisland.com/us/stone-island/lightweight-jacket_cod16306661xl.html#dept=ctsjckts,https://cdn.yoox.biz/16/16306661XL_13_f.jpg,jackets.html
jackets,41626 MICRO TWILL ,850,850,31,16306656FF,STONE ISLAND,224/36839,COATS & JACKETS,LIGHTWEIGHT JACKET,224,Dove Gray,3211,36839,850.0,850.0,1,,True,https://www.stoneisland.com/us/stone-island/lightweight-jacket_cod16306656ff.html#dept=ctsjckts,https://cdn.yoox.biz/16/16306656FF_13_f.jpg,jackets.html
jackets,42130 LINO NYLON TELA-TC,985,985,32,16307504FK,STONE ISLAND,224/36839,COATS & JACKETS,LIGHTWEIGHT JACKET,224,Ecru,20695,36839,985.0,985.0,1,,True,https://www.stoneisland.com/us/stone-island/lightweight-jacket_cod16307504fk.html#dept=ctsjckts,https://cdn.yoox.biz/16/16307504FK_13_f.jpg,jackets.html
jackets,40525 SKIN TOUCH NYLON-TC WITH PRIMALOFT®-TC,893,893,33,16307494VT,STONE ISLAND,224/28298,COATS & JACKETS,BOMBER,224,Black,3138,28298,893.0,893.0,1,,True,https://www.stoneisland.com/us/stone-island/bomber_cod16307494vt.html#dept=ctsjckts,https://cdn.yoox.biz/16/16307494VT_13_f.jpg,jackets.html
jackets,42610 SUPIMA® COTTON TWILL STRETCH-TC,723,723,34,16341820XO,STONE ISLAND,224/36839,COATS & JACKETS,LIGHTWEIGHT JACKET,224,Blue,3148,36839,723.0,723.0,1,,True,https://www.stoneisland.com/us/stone-island/lightweight-jacket_cod16341820xo.html#dept=ctsjckts,https://cdn.yoox.biz/16/16341820XO_13_f.jpg,jackets.html
jackets,41022 GARMENT DYED CRINKLE REPS R-NY,768,768,35,16306639FJ,STONE ISLAND,224/36839,COATS & JACKETS,LIGHTWEIGHT JACKET,224,Black,3138,36839,768.0,768.0,1,,True,https://www.stoneisland.com/us/stone-island/lightweight-jacket_cod16306639fj.html#dept=ctsjckts,https://cdn.yoox.biz/16/16306639FJ_13_f.jpg,jackets.html
jackets,41123 MEMBRANA 3L TC,910,910,36,16338990AG,STONE ISLAND,224/36839,COATS & JACKETS,LIGHTWEIGHT JACKET,224,Orange,20701,36839,910.0,910.0,1,,True,https://www.stoneisland.com/us/stone-island/lightweight-jacket_cod16338990ag.html#dept=ctsjckts,https://cdn.yoox.biz/16/16338990AG_13_f.jpg,jackets.html
jackets,42230 LINO NYLON TELA-TC,1165,1165,37,16307487IW,STONE ISLAND,224/36839,COATS & JACKETS,LIGHTWEIGHT JACKET,224,Dove Gray,3211,36839,1165.0,1165.0,1,,True,https://www.stoneisland.com/us/stone-island/lightweight-jacket_cod16307487iw.html#dept=ctsjckts,https://cdn.yoox.biz/16/16307487IW_13_f.jpg,jackets.html
jackets,418X1 STONE ISLAND MARINA_RAW PLATED LINEN ,1248,1248,38,16341792OT,STONE ISLAND,224/36839,COATS & JACKETS,LIGHTWEIGHT JACKET,224,Royal Blue,20736,36839,1248.0,1248.0,1,,True,https://www.stoneisland.com/us/stone-island/lightweight-jacket_cod16341792ot.html#dept=ctsjckts,https://cdn.yoox.biz/16/16341792OT_13_f.jpg,jackets.html
jackets,431T1 PANAMA TINTO TERRA,1075,1075,39,16341793KV,STONE ISLAND,224/36839,COATS & JACKETS,LIGHTWEIGHT JACKET,224,Rust,3202,36839,1075.0,1075.0,1,,True,https://www.stoneisland.com/us/stone-island/lightweight-jacket_cod16341793kv.html#dept=ctsjckts,https://cdn.yoox.biz/16/16341793KV_13_f.jpg,jackets.html
jackets,708T1 PANAMA TINTO TERRA,1378,1378,40,16306862IH,STONE ISLAND,224/36845,COATS & JACKETS,LONG JACKET,224,Ecru,20695,36845,1378.0,1378.0,1,,True,https://www.stoneisland.com/us/stone-island/long-jacket_cod16306862ih.html#dept=ctsjckts,https://cdn.yoox.biz/16/16306862IH_13_f.jpg,jackets.html
jackets,708T1 PANAMA TINTO TERRA,1378,1378,41,16341640HE,STONE ISLAND,224/36845,COATS & JACKETS,LONG JACKET,224,Dust Gray,20738,36845,1378.0,1378.0,1,,True,https://www.stoneisland.com/us/stone-island/long-jacket_cod16341640he.html#dept=ctsjckts,https://cdn.yoox.biz/16/16341640HE_13_f.jpg,jackets.html
jackets,704F1 WEATHERPROOF COTTON CANVAS_ GHOST PIECE,1903,1903,42,16306861SJ,STONE ISLAND,224/36845,COATS & JACKETS,LONG JACKET,224,Beige,3162,36845,1903.0,1903.0,1,,True,https://www.stoneisland.com/us/stone-island/long-jacket_cod16306861sj.html#dept=ctsjckts,https://cdn.yoox.biz/16/16306861SJ_13_f.jpg,jackets.html
jackets,42510 SUPIMA® COTTON TWILL STRETCH-TC,683,683,43,16340604XH,STONE ISLAND,224/36839,COATS & JACKETS,LIGHTWEIGHT JACKET,224,Black,3138,36839,683.0,683.0,1,,True,https://www.stoneisland.com/us/stone-island/lightweight-jacket_cod16340604xh.html#dept=ctsjckts,https://cdn.yoox.biz/16/16340604XH_13_f.jpg,jackets.html
jackets,418X1 STONE ISLAND MARINA_RAW PLATED LINEN ,1248,1248,44,16346560AC,STONE ISLAND,224/36839,COATS & JACKETS,LIGHTWEIGHT JACKET,224,Ecru,20695,36839,1248.0,1248.0,1,,True,https://www.stoneisland.com/us/stone-island/lightweight-jacket_cod16346560ac.html#dept=ctsjckts,https://cdn.yoox.biz/16/16346560AC_13_f.jpg,jackets.html
jackets,418X1 STONE ISLAND MARINA_RAW PLATED LINEN ,1248,1248,45,16306659GK,STONE ISLAND,224/36839,COATS & JACKETS,LIGHTWEIGHT JACKET,224,Pink,3143,36839,1248.0,1248.0,1,,True,https://www.stoneisland.com/us/stone-island/lightweight-jacket_cod16306659gk.html#dept=ctsjckts,https://cdn.yoox.biz/16/16306659GK_13_f.jpg,jackets.html
jackets,413G2 STONE ISLAND STELLINA_SKIN TOUCH NYLON-TC WITH POLARTEC® LINING ,985,985,46,16306675TE,STONE ISLAND,224/36839,COATS & JACKETS,LIGHTWEIGHT JACKET,224,Lemon,20703,36839,985.0,985.0,1,,True,https://www.stoneisland.com/us/stone-island/lightweight-jacket_cod16306675te.html#dept=ctsjckts,https://cdn.yoox.biz/16/16306675TE_13_f.jpg,jackets.html
jackets,40731 QUILTED NYLON STELLA WITH PRIMALOFT®-TC,1165,1165,47,16306662NS,STONE ISLAND,224/1319,COATS & JACKETS,Jacket,224,Lemon,20703,1319,1165.0,1165.0,1,,True,https://www.stoneisland.com/us/stone-island/jacket_cod16306662ns.html#dept=ctsjckts,https://cdn.yoox.biz/16/16306662NS_13_f.jpg,jackets.html
jackets,430G1 STONE ISLAND STELLINA_3L NYLON,1313,1313,48,16344638EH,STONE ISLAND,224/36839,COATS & JACKETS,LIGHTWEIGHT JACKET,224,Dove Gray,3211,36839,1313.0,1313.0,1,,True,https://www.stoneisland.com/us/stone-island/lightweight-jacket_cod16344638eh.html#dept=ctsjckts,https://cdn.yoox.biz/16/16344638EH_13_f.jpg,jackets.html
jackets,G0121 SOFT SHELL-R_e.dye® TECHNOLOGY IN RECYCLED POLYESTER WITH PRIMALOFT® INSULATION TECHNOLOGY,593,593,49,16328469UP,STONE ISLAND,224/1256,COATS & JACKETS,Vest,224,Musk Green,20718,1256,593.0,593.0,1,,True,https://www.stoneisland.com/us/stone-island/vest_cod16328469up.html#dept=ctsjckts,https://cdn.yoox.biz/16/16328469UP_13_f.jpg,jackets.html
jackets,42610 SUPIMA® COTTON TWILL STRETCH-TC,723,723,50,16307471DV,STONE ISLAND,224/36839,COATS & JACKETS,LIGHTWEIGHT JACKET,224,Sand,3170,36839,723.0,723.0,1,,True,https://www.stoneisland.com/us/stone-island/lightweight-jacket_cod16307471dv.html#dept=ctsjckts,https://cdn.yoox.biz/16/16307471DV_13_f.jpg,jackets.html
jackets,41123 MEMBRANA 3L TC,910,910,51,16338024UW,STONE ISLAND,224/36839,COATS & JACKETS,LIGHTWEIGHT JACKET,224,Dove Gray,3211,36839,910.0,910.0,1,,True,https://www.stoneisland.com/us/stone-island/lightweight-jacket_cod16338024uw.html#dept=ctsjckts,https://cdn.yoox.biz/16/16338024UW_13_f.jpg,jackets.html
jackets,41526 MICRO TWILL ,910,910,52,16307527LD,STONE ISLAND,224/36839,COATS & JACKETS,LIGHTWEIGHT JACKET,224,Musk Green,20718,36839,910.0,910.0,1,,True,https://www.stoneisland.com/us/stone-island/lightweight-jacket_cod16307527ld.html#dept=ctsjckts,https://cdn.yoox.biz/16/16307527LD_13_f.jpg,jackets.html
jackets,G03G2 STONE ISLAND MARINA_SKIN TOUCH NYLON-TC WITH PRIMALOFT®-TC,775,775,53,16344640VF,STONE ISLAND,224/1256,COATS & JACKETS,Vest,224,Black,3138,1256,775.0,775.0,1,,True,https://www.stoneisland.com/us/stone-island/vest_cod16344640vf.html#dept=ctsjckts,https://cdn.yoox.biz/16/16344640VF_13_f.jpg,jackets.html
jackets,43734 BIO RASO WITH BIO-ALLOY™ LIGHT COVER-TC,1075,1075,54,16307501XH,STONE ISLAND,224/36839,COATS & JACKETS,LIGHTWEIGHT JACKET,224,Black,3138,36839,1075.0,1075.0,1,,True,https://www.stoneisland.com/us/stone-island/lightweight-jacket_cod16307501xh.html#dept=ctsjckts,https://cdn.yoox.biz/16/16307501XH_13_f.jpg,jackets.html
jackets,418X1 STONE ISLAND MARINA_RAW PLATED LINEN ,1248,1248,55,16346564HN,STONE ISLAND,224/36839,COATS & JACKETS,LIGHTWEIGHT JACKET,224,White,3137,36839,1248.0,1248.0,1,,True,https://www.stoneisland.com/us/stone-island/lightweight-jacket_cod16346564hn.html#dept=ctsjckts,https://cdn.yoox.biz/16/16346564HN_13_f.jpg,jackets.html
jackets,G0231 QUILTED NYLON STELLA WITH PRIMALOFT®-TC ,760,760,56,16306864NE,STONE ISLAND,224/1256,COATS & JACKETS,Vest,224,Black,3138,1256,760.0,760.0,1,,True,https://www.stoneisland.com/us/stone-island/vest_cod16306864ne.html#dept=ctsjckts,https://cdn.yoox.biz/16/16306864NE_13_f.jpg,jackets.html
jackets,42610 SUPIMA® COTTON TWILL STRETCH-TC,723,723,57,16341821UB,STONE ISLAND,224/36839,COATS & JACKETS,LIGHTWEIGHT JACKET,224,Black,3138,36839,723.0,723.0,1,,True,https://www.stoneisland.com/us/stone-island/lightweight-jacket_cod16341821ub.html#dept=ctsjckts,https://cdn.yoox.biz/16/16341821UB_13_f.jpg,jackets.html
jackets,40831 QUILTED NYLON STELLA WITH PRIMALOFT®-TC,985,985,58,16307521CI,STONE ISLAND,224/1319,COATS & JACKETS,Jacket,224,Rust,3202,1319,985.0,985.0,1,,True,https://www.stoneisland.com/us/stone-island/jacket_cod16307521ci.html#dept=ctsjckts,https://cdn.yoox.biz/16/16307521CI_13_f.jpg,jackets.html
jackets,40425 SKIN TOUCH NYLON-TC­ - PACKABLE,850,850,59,16306657IW,STONE ISLAND,224/36839,COATS & JACKETS,LIGHTWEIGHT JACKET,224,Pistachio Green,20714,36839,850.0,850.0,1,,True,https://www.stoneisland.com/us/stone-island/lightweight-jacket_cod16306657iw.html#dept=ctsjckts,https://cdn.yoox.biz/16/16306657IW_13_f.jpg,jackets.html
jackets,413G2 STONE ISLAND STELLINA_SKIN TOUCH NYLON-TC WITH POLARTEC® LINING ,985,985,60,16344642AJ,STONE ISLAND,224/36839,COATS & JACKETS,LIGHTWEIGHT JACKET,224,Black,3138,36839,985.0,985.0,1,,True,https://www.stoneisland.com/us/stone-island/lightweight-jacket_cod16344642aj.html#dept=ctsjckts,https://cdn.yoox.biz/16/16344642AJ_13_f.jpg,jackets.html
jackets,430G1 STONE ISLAND STELLINA_3L NYLON,1313,1313,61,16307480WH,STONE ISLAND,224/36839,COATS & JACKETS,LIGHTWEIGHT JACKET,224,Black,3138,36839,1313.0,1313.0,1,,True,https://www.stoneisland.com/us/stone-island/lightweight-jacket_cod16307480wh.html#dept=ctsjckts,https://cdn.yoox.biz/16/16307480WH_13_f.jpg,jackets.html
jackets,432F1 WEATHERPROOF COTTON CANVAS_ GHOST PIECE,945,945,62,16341479CN,STONE ISLAND,224/36839,COATS & JACKETS,LIGHTWEIGHT JACKET,224,Beige,3162,36839,945.0,945.0,1,,True,https://www.stoneisland.com/us/stone-island/lightweight-jacket_cod16341479cn.html#dept=ctsjckts,https://cdn.yoox.biz/16/16341479CN_13_f.jpg,jackets.html
jackets,433F1 WEATHERPROOF COTTON CANVAS_ GHOST PIECE,1705,1705,63,16341494DB,STONE ISLAND,224/36839,COATS & JACKETS,LIGHTWEIGHT JACKET,224,Beige,3162,36839,1705.0,1705.0,1,,True,https://www.stoneisland.com/us/stone-island/lightweight-jacket_cod16341494db.html#dept=ctsjckts,https://cdn.yoox.biz/16/16341494DB_13_f.jpg,jackets.html
jackets,43433 METALLIC RUN-PROOF NYLON,1038,1038,64,16307467IG,STONE ISLAND,224/36839,COATS & JACKETS,LIGHTWEIGHT JACKET,224,Gray,3155,36839,1038.0,1038.0,1,,True,https://www.stoneisland.com/us/stone-island/lightweight-jacket_cod16307467ig.html#dept=ctsjckts,https://cdn.yoox.biz/16/16307467IG_13_f.jpg,jackets.html
jackets,433F1 WEATHERPROOF COTTON CANVAS_ GHOST PIECE,1705,1705,65,16341491BH,STONE ISLAND,224/36839,COATS & JACKETS,LIGHTWEIGHT JACKET,224,Black,3138,36839,1705.0,1705.0,1,,True,https://www.stoneisland.com/us/stone-island/lightweight-jacket_cod16341491bh.html#dept=ctsjckts,https://cdn.yoox.biz/16/16341491BH_13_f.jpg,jackets.html
jackets,41123 MEMBRANA 3L TC,910,910,66,16338035FX,STONE ISLAND,224/36839,COATS & JACKETS,LIGHTWEIGHT JACKET,224,Blue,3148,36839,910.0,910.0,1,,True,https://www.stoneisland.com/us/stone-island/lightweight-jacket_cod16338035fx.html#dept=ctsjckts,https://cdn.yoox.biz/16/16338035FX_13_f.jpg,jackets.html
jackets,G04F2 STONE ISLAND GHOST PIECE_CUPRO RASO WITH PRIMALOFT®-TC,893,893,67,16306859PW,STONE ISLAND,224/1256,COATS & JACKETS,Vest,224,Blue,3148,1256,893.0,893.0,1,,True,https://www.stoneisland.com/us/stone-island/vest_cod16306859pw.html#dept=ctsjckts,https://cdn.yoox.biz/16/16306859PW_13_f.jpg,jackets.html
jackets,G04F2 STONE ISLAND GHOST PIECE_CUPRO RASO WITH PRIMALOFT®-TC,893,893,68,16341488NN,STONE ISLAND,224/1256,COATS & JACKETS,Vest,224,Black,3138,1256,893.0,893.0,1,,True,https://www.stoneisland.com/us/stone-island/vest_cod16341488nn.html#dept=ctsjckts,https://cdn.yoox.biz/16/16341488NN_13_f.jpg,jackets.html
jackets,414F1 WEATHERPROOF COTTON CANVAS_ GHOST PIECE WITH DETACHABLE LINING,2165,2165,69,16338806LG,STONE ISLAND,224/1319,COATS & JACKETS,Jacket,224,Blue,3148,1319,2165.0,2165.0,1,,True,https://www.stoneisland.com/us/stone-island/jacket_cod16338806lg.html#dept=ctsjckts,https://cdn.yoox.biz/16/16338806LG_13_f.jpg,jackets.html
jackets,70323 MEMBRANA 3L TC,1113,1113,70,16306903SA,STONE ISLAND,224/36845,COATS & JACKETS,LONG JACKET,224,Blue,3148,36845,1113.0,1113.0,1,,True,https://www.stoneisland.com/us/stone-island/long-jacket_cod16306903sa.html#dept=ctsjckts,https://cdn.yoox.biz/16/16306903SA_13_f.jpg,jackets.html
jackets,435F2 STONE ISLAND GHOST PIECE_CUPRO RASO WITH PRIMALOFT®-TC,1165,1165,71,16341475FL,STONE ISLAND,224/28298,COATS & JACKETS,BOMBER,224,Natural White,20692,28298,1165.0,1165.0,1,,True,https://www.stoneisland.com/us/stone-island/bomber_cod16341475fl.html#dept=ctsjckts,https://cdn.yoox.biz/16/16341475FL_13_f.jpg,jackets.html
jackets,433F1 WEATHERPROOF COTTON CANVAS_ GHOST PIECE,1705,1705,72,16341496BQ,STONE ISLAND,224/36839,COATS & JACKETS,LIGHTWEIGHT JACKET,224,Natural White,20692,36839,1705.0,1705.0,1,,True,https://www.stoneisland.com/us/stone-island/lightweight-jacket_cod16341496bq.html#dept=ctsjckts,https://cdn.yoox.biz/16/16341496BQ_13_f.jpg,jackets.html
jackets,433F1 WEATHERPROOF COTTON CANVAS_ GHOST PIECE,1705,1705,73,16307483QN,STONE ISLAND,224/36839,COATS & JACKETS,LIGHTWEIGHT JACKET,224,Blue,3148,36839,1705.0,1705.0,1,,True,https://www.stoneisland.com/us/stone-island/lightweight-jacket_cod16307483qn.html#dept=ctsjckts,https://cdn.yoox.biz/16/16307483QN_13_f.jpg,jackets.html
jackets,435F2 STONE ISLAND GHOST PIECE_CUPRO RASO WITH PRIMALOFT®-TC,1165,1165,74,16306544PG,STONE ISLAND,224/28298,COATS & JACKETS,BOMBER,224,Blue,3148,28298,1165.0,1165.0,1,,True,https://www.stoneisland.com/us/stone-island/bomber_cod16306544pg.html#dept=ctsjckts,https://cdn.yoox.biz/16/16306544PG_13_f.jpg,jackets.html
jackets,432F1 WEATHERPROOF COTTON CANVAS_ GHOST PIECE,945,945,75,16341483BC,STONE ISLAND,224/36839,COATS & JACKETS,LIGHTWEIGHT JACKET,224,Natural White,20692,36839,945.0,945.0,1,,True,https://www.stoneisland.com/us/stone-island/lightweight-jacket_cod16341483bc.html#dept=ctsjckts,https://cdn.yoox.biz/16/16341483BC_13_f.jpg,jackets.html
jackets,432F1 WEATHERPROOF COTTON CANVAS_ GHOST PIECE,945,945,76,16306674EQ,STONE ISLAND,224/36839,COATS & JACKETS,LIGHTWEIGHT JACKET,224,Blue,3148,36839,945.0,945.0,1,,True,https://www.stoneisland.com/us/stone-island/lightweight-jacket_cod16306674eq.html#dept=ctsjckts,https://cdn.yoox.biz/16/16306674EQ_13_f.jpg,jackets.html
jackets,414F1 WEATHERPROOF COTTON CANVAS_ GHOST PIECE WITH DETACHABLE LINING,2165,2165,77,16341503UB,STONE ISLAND,224/1319,COATS & JACKETS,Jacket,224,Black,3138,1319,2165.0,2165.0,1,,True,https://www.stoneisland.com/us/stone-island/jacket_cod16341503ub.html#dept=ctsjckts,https://cdn.yoox.biz/16/16341503UB_13_f.jpg,jackets.html
jackets,435F2 STONE ISLAND GHOST PIECE_CUPRO RASO WITH PRIMALOFT®-TC,1165,1165,78,16341473QE,STONE ISLAND,224/28298,COATS & JACKETS,BOMBER,224,Black,3138,28298,1165.0,1165.0,1,,True,https://www.stoneisland.com/us/stone-island/bomber_cod16341473qe.html#dept=ctsjckts,https://cdn.yoox.biz/16/16341473QE_13_f.jpg,jackets.html
jackets,A0226 MICRO TWILL ,630,630,79,16331985OD,STONE ISLAND,224/1319,COATS & JACKETS,Jacket,224,Black,3138,1319,630.0,630.0,1,,True,https://www.stoneisland.com/us/stone-island/jacket_cod16331985od.html#dept=ctsjckts,https://cdn.yoox.biz/16/16331985OD_13_f.jpg,jackets.html
jackets,403CC STRETCH COTTON TWILL,1639,1639,80,16333368WS,STONE ISLAND,224/36839,COATS & JACKETS,LIGHTWEIGHT JACKET,224,Red,3142,36839,1639.0,1639.0,1,,True,https://www.stoneisland.com/us/stone-island/lightweight-jacket_cod16333368ws.html#dept=ctsjckts,https://cdn.yoox.biz/16/16333368WS_13_f.jpg,jackets.html
jackets,41223 MEMBRANA 3L TC,828,828,81,16338023CF,STONE ISLAND,224/36839,COATS & JACKETS,LIGHTWEIGHT JACKET,224,Dove Gray,3211,36839,828.0,828.0,1,,True,https://www.stoneisland.com/us/stone-island/lightweight-jacket_cod16338023cf.html#dept=ctsjckts,https://cdn.yoox.biz/16/16338023CF_13_f.jpg,jackets.html
jackets,70723 MEMBRANA 3L TC,1248,1248,82,16338526WQ,STONE ISLAND,224/36845,COATS & JACKETS,LONG JACKET,224,Musk Green,20718,36845,1248.0,1248.0,1,,True,https://www.stoneisland.com/us/stone-island/long-jacket_cod16338526wq.html#dept=ctsjckts,https://cdn.yoox.biz/16/16338526WQ_13_f.jpg,jackets.html
overshirts,11219 NYLON METAL IN ECONYL® REGENERATED NYLON,565,565,0,63012931WQ,STONE ISLAND,2944/41695,Over Shirts,SHIRTS,2944,Lemon,20703,41695,565.0,565.0,1,,True,https://www.stoneisland.com/us/stone-island/shirts_cod63012931wq.html#dept=vrshrtsss,https://cdn.yoox.biz/63/63012931WQ_13_f.jpg,overshirts.html
overshirts,10710 SUPIMA® COTTON TWILL STRETCH-TC,518,518,1,63012925KA,STONE ISLAND,2944/41695,Over Shirts,SHIRTS,2944,Dust Gray,20738,41695,518.0,518.0,1,,True,https://www.stoneisland.com/us/stone-island/shirts_cod63012925ka.html#dept=vrshrtsss,https://cdn.yoox.biz/63/63012925KA_13_f.jpg,overshirts.html
overshirts,10812,505,505,2,63012923UF,STONE ISLAND,2944/41695,Over Shirts,SHIRTS,2944,Black,3138,41695,505.0,505.0,1,,True,https://www.stoneisland.com/us/stone-island/shirts_cod63012923uf.html#dept=vrshrtsss,https://cdn.yoox.biz/63/63012923UF_13_f.jpg,overshirts.html
overshirts,10104 ‘OLD’ TREATMENT,550,550,3,63012911PD,STONE ISLAND,2944/36847,Over Shirts,Over Shirt,2944,Pistachio Green,20714,36847,550.0,550.0,1,,True,https://www.stoneisland.com/us/stone-island/over-shirt_cod63012911pd.html#dept=vrshrtsss,https://cdn.yoox.biz/63/63012911PD_13_f.jpg,overshirts.html
overshirts,119WN ‘OLD’ TREATMENT ,525,525,4,63012913NF,STONE ISLAND,2944/41695,Over Shirts,SHIRTS,2944,White,3137,41695,525.0,525.0,1,,True,https://www.stoneisland.com/us/stone-island/shirts_cod63012913nf.html#dept=vrshrtsss,https://cdn.yoox.biz/63/63012913NF_13_f.jpg,overshirts.html
overshirts,110X3 STONE ISLAND MARINA_PLATED COTTON CANVAS,435,435,5,63012984LI,STONE ISLAND,2944/41695,Over Shirts,SHIRTS,2944,Royal Blue,20736,41695,435.0,435.0,1,,True,https://www.stoneisland.com/us/stone-island/shirts_cod63012984li.html#dept=vrshrtsss,https://cdn.yoox.biz/63/63012984LI_13_f.jpg,overshirts.html
overshirts,106WN ‘OLD’ TREATMENT,630,630,6,63012922OE,STONE ISLAND,2944/41695,Over Shirts,SHIRTS,2944,Sand,3170,41695,630.0,630.0,1,,True,https://www.stoneisland.com/us/stone-island/shirts_cod63012922oe.html#dept=vrshrtsss,https://cdn.yoox.biz/63/63012922OE_13_f.jpg,overshirts.html
overshirts,12011,550,550,7,63012915RI,STONE ISLAND,2944/41695,Over Shirts,SHIRTS,2944,Dove Gray,3211,41695,550.0,550.0,1,,True,https://www.stoneisland.com/us/stone-island/shirts_cod63012915ri.html#dept=vrshrtsss,https://cdn.yoox.biz/63/63012915RI_13_f.jpg,overshirts.html
overshirts,10710 SUPIMA® COTTON TWILL STRETCH-TC,518,518,8,63012990HD,STONE ISLAND,2944/41695,Over Shirts,SHIRTS,2944,Blue,3148,41695,518.0,518.0,1,,True,https://www.stoneisland.com/us/stone-island/shirts_cod63012990hd.html#dept=vrshrtsss,https://cdn.yoox.biz/63/63012990HD_13_f.jpg,overshirts.html
overshirts,10522 GARMENT DYED CRINKLE REPS R-NY ,648,648,9,63012919JG,STONE ISLAND,2944/41695,Over Shirts,SHIRTS,2944,Sky Blue,20728,41695,648.0,648.0,1,,True,https://www.stoneisland.com/us/stone-island/shirts_cod63012919jg.html#dept=vrshrtsss,https://cdn.yoox.biz/63/63012919JG_13_f.jpg,overshirts.html
overshirts,109X3 STONE ISLAND MARINA_PLATED COTTON CANVAS ,518,518,10,63012994HC,STONE ISLAND,2944/41695,Over Shirts,SHIRTS,2944,Ecru,20695,41695,518.0,518.0,1,,True,https://www.stoneisland.com/us/stone-island/shirts_cod63012994hc.html#dept=vrshrtsss,https://cdn.yoox.biz/63/63012994HC_13_f.jpg,overshirts.html
overshirts,11701,340,340,11,63012912CW,STONE ISLAND,2944/41695,Over Shirts,SHIRTS,2944,White,3137,41695,340.0,340.0,1,,True,https://www.stoneisland.com/us/stone-island/shirts_cod63012912cw.html#dept=vrshrtsss,https://cdn.yoox.biz/63/63012912CW_13_f.jpg,overshirts.html
overshirts,11805,288,288,12,63012926MX,STONE ISLAND,2944/41695,Over Shirts,SHIRTS,2944,Sand,3170,41695,288.0,288.0,1,,True,https://www.stoneisland.com/us/stone-island/shirts_cod63012926mx.html#dept=vrshrtsss,https://cdn.yoox.biz/63/63012926MX_13_f.jpg,overshirts.html
overshirts,110X3 STONE ISLAND MARINA_PLATED COTTON CANVAS,435,435,13,63012992JW,STONE ISLAND,2944/41695,Over Shirts,SHIRTS,2944,Steel Gray,3165,41695,435.0,435.0,1,,True,https://www.stoneisland.com/us/stone-island/shirts_cod63012992jw.html#dept=vrshrtsss,https://cdn.yoox.biz/63/63012992JW_13_f.jpg,overshirts.html
overshirts,109X3 STONE ISLAND MARINA_PLATED COTTON CANVAS ,518,518,14,63012983BR,STONE ISLAND,2944/41695,Over Shirts,SHIRTS,2944,Royal Blue,20736,41695,518.0,518.0,1,,True,https://www.stoneisland.com/us/stone-island/shirts_cod63012983br.html#dept=vrshrtsss,https://cdn.yoox.biz/63/63012983BR_13_f.jpg,overshirts.html
overshirts,10710 SUPIMA® COTTON TWILL STRETCH-TC,518,518,15,63012991EM,STONE ISLAND,2944/41695,Over Shirts,SHIRTS,2944,Black,3138,41695,518.0,518.0,1,,True,https://www.stoneisland.com/us/stone-island/shirts_cod63012991em.html#dept=vrshrtsss,https://cdn.yoox.biz/63/63012991EM_13_f.jpg,overshirts.html
overshirts,12196 'POSTER FOUR' PRINT_SUPIMA® COTTON TWILL STRETCH-TC,593,593,16,63012924UV,STONE ISLAND,2944/41695,Over Shirts,SHIRTS,2944,Dove Gray,3211,41695,593.0,593.0,1,,True,https://www.stoneisland.com/us/stone-island/shirts_cod63012924uv.html#dept=vrshrtsss,https://cdn.yoox.biz/63/63012924UV_13_f.jpg,overshirts.html
overshirts,11702,383,383,17,63012995KX,STONE ISLAND,2944/41695,Over Shirts,SHIRTS,2944,Avio Blue,3178,41695,383.0,383.0,1,,True,https://www.stoneisland.com/us/stone-island/shirts_cod63012995kx.html#dept=vrshrtsss,https://cdn.yoox.biz/63/63012995KX_13_f.jpg,overshirts.html
overshirts,11705,330,330,18,63012918SJ,STONE ISLAND,2944/41695,Over Shirts,SHIRTS,2944,Pink,3143,41695,330.0,330.0,1,,True,https://www.stoneisland.com/us/stone-island/shirts_cod63012918sj.html#dept=vrshrtsss,https://cdn.yoox.biz/63/63012918SJ_13_f.jpg,overshirts.html
overshirts,109X3 STONE ISLAND MARINA_PLATED COTTON CANVAS ,518,518,19,63012993OA,STONE ISLAND,2944/41695,Over Shirts,SHIRTS,2944,Steel Gray,3165,41695,518.0,518.0,1,,True,https://www.stoneisland.com/us/stone-island/shirts_cod63012993oa.html#dept=vrshrtsss,https://cdn.yoox.biz/63/63012993OA_13_f.jpg,overshirts.html
overshirts,12209,405,405,20,63012916WC,STONE ISLAND,2944/41695,Over Shirts,SHIRTS,2944,Black,3138,41695,405.0,405.0,1,,True,https://www.stoneisland.com/us/stone-island/shirts_cod63012916wc.html#dept=vrshrtsss,https://cdn.yoox.biz/63/63012916WC_13_f.jpg,overshirts.html
overshirts,109X3 STONE ISLAND MARINA_PLATED COTTON CANVAS ,518,518,21,63012928BJ,STONE ISLAND,2944/41695,Over Shirts,SHIRTS,2944,White,3137,41695,518.0,518.0,1,,True,https://www.stoneisland.com/us/stone-island/shirts_cod63012928bj.html#dept=vrshrtsss,https://cdn.yoox.biz/63/63012928BJ_13_f.jpg,overshirts.html
overshirts,110X3 STONE ISLAND MARINA_PLATED COTTON CANVAS,435,435,22,63012930JJ,STONE ISLAND,2944/41695,Over Shirts,SHIRTS,2944,White,3137,41695,435.0,435.0,1,,True,https://www.stoneisland.com/us/stone-island/shirts_cod63012930jj.html#dept=vrshrtsss,https://cdn.yoox.biz/63/63012930JJ_13_f.jpg,overshirts.html
overshirts,103G7 STONE ISLAND STELLINA,593,593,23,63012985VF,STONE ISLAND,2944/41695,Over Shirts,SHIRTS,2944,Black,3138,41695,593.0,593.0,1,,True,https://www.stoneisland.com/us/stone-island/shirts_cod63012985vf.html#dept=vrshrtsss,https://cdn.yoox.biz/63/63012985VF_13_f.jpg,overshirts.html
overshirts,103G7 STONE ISLAND STELLINA,593,593,24,63012917BJ,STONE ISLAND,2944/41695,Over Shirts,SHIRTS,2944,White,3137,41695,593.0,593.0,1,,True,https://www.stoneisland.com/us/stone-island/shirts_cod63012917bj.html#dept=vrshrtsss,https://cdn.yoox.biz/63/63012917BJ_13_f.jpg,overshirts.html
overshirts,11809,315,315,25,63012914PN,STONE ISLAND,2944/41695,Over Shirts,SHIRTS,2944,Ecru,20695,41695,315.0,315.0,1,,True,https://www.stoneisland.com/us/stone-island/shirts_cod63012914pn.html#dept=vrshrtsss,https://cdn.yoox.biz/63/63012914PN_13_f.jpg,overshirts.html
overshirts,106WN ‘OLD’ TREATMENT,630,630,26,63012982OA,STONE ISLAND,2944/41695,Over Shirts,SHIRTS,2944,Musk Green,20718,41695,630.0,630.0,1,,True,https://www.stoneisland.com/us/stone-island/shirts_cod63012982oa.html#dept=vrshrtsss,https://cdn.yoox.biz/63/63012982OA_13_f.jpg,overshirts.html
overshirts,106WN ‘OLD’ TREATMENT,630,630,27,63012986IN,STONE ISLAND,2944/41695,Over Shirts,SHIRTS,2944,Steel Gray,3165,41695,630.0,630.0,1,,True,https://www.stoneisland.com/us/stone-island/shirts_cod63012986in.html#dept=vrshrtsss,https://cdn.yoox.biz/63/63012986IN_13_f.jpg,overshirts.html
overshirts,119WN ‘OLD’ TREATMENT ,525,525,28,63012979BB,STONE ISLAND,2944/41695,Over Shirts,SHIRTS,2944,Musk Green,20718,41695,525.0,525.0,1,,True,https://www.stoneisland.com/us/stone-island/shirts_cod63012979bb.html#dept=vrshrtsss,https://cdn.yoox.biz/63/63012979BB_13_f.jpg,overshirts.html
overshirts,10210 SUPIMA® COTTON TWILL STRETCH-TC,518,518,29,63012927VC,STONE ISLAND,2944/41695,Over Shirts,SHIRTS,2944,Pistachio Green,20714,41695,518.0,518.0,1,,True,https://www.stoneisland.com/us/stone-island/shirts_cod63012927vc.html#dept=vrshrtsss,https://cdn.yoox.biz/63/63012927VC_13_f.jpg,overshirts.html
overshirts,119WN ‘OLD’ TREATMENT ,525,525,30,63012978SJ,STONE ISLAND,2944/41695,Over Shirts,SHIRTS,2944,Black,3138,41695,525.0,525.0,1,,True,https://www.stoneisland.com/us/stone-island/shirts_cod63012978sj.html#dept=vrshrtsss,https://cdn.yoox.biz/63/63012978SJ_13_f.jpg,overshirts.html
overshirts,12202,420,420,31,63012921DV,STONE ISLAND,2944/41695,Over Shirts,SHIRTS,2944,Dust Gray,20738,41695,420.0,420.0,1,,True,https://www.stoneisland.com/us/stone-island/shirts_cod63012921dv.html#dept=vrshrtsss,https://cdn.yoox.biz/63/63012921DV_13_f.jpg,overshirts.html
overshirts,10104 ‘OLD’ TREATMENT,550,550,32,63012988OI,STONE ISLAND,2944/41695,Over Shirts,SHIRTS,2944,Blue,3148,41695,550.0,550.0,1,,True,https://www.stoneisland.com/us/stone-island/shirts_cod63012988oi.html#dept=vrshrtsss,https://cdn.yoox.biz/63/63012988OI_13_f.jpg,overshirts.html
overshirts,10104 ‘OLD’ TREATMENT,550,550,33,63012975XA,STONE ISLAND,2944/36847,Over Shirts,Over Shirt,2944,Musk Green,20718,36847,550.0,550.0,1,,True,https://www.stoneisland.com/us/stone-island/over-shirt_cod63012975xa.html#dept=vrshrtsss,https://cdn.yoox.biz/63/63012975XA_13_f.jpg,overshirts.html
overshirts,10104 ‘OLD’ TREATMENT,550,550,34,63012974II,STONE ISLAND,2944/36847,Over Shirts,Over Shirt,2944,Black,3138,36847,550.0,550.0,1,,True,https://www.stoneisland.com/us/stone-island/over-shirt_cod63012974ii.html#dept=vrshrtsss,https://cdn.yoox.biz/63/63012974II_13_f.jpg,overshirts.html
overshirts,119WN ‘OLD’ TREATMENT ,525,525,35,63012980VS,STONE ISLAND,2944/41695,Over Shirts,SHIRTS,2944,Steel Gray,3165,41695,525.0,525.0,1,,True,https://www.stoneisland.com/us/stone-island/shirts_cod63012980vs.html#dept=vrshrtsss,https://cdn.yoox.biz/63/63012980VS_13_f.jpg,overshirts.html
overshirts,119WN ‘OLD’ TREATMENT ,525,525,36,63012981HU,STONE ISLAND,2944/41695,Over Shirts,SHIRTS,2944,Blue,3148,41695,525.0,525.0,1,,True,https://www.stoneisland.com/us/stone-island/shirts_cod63012981hu.html#dept=vrshrtsss,https://cdn.yoox.biz/63/63012981HU_13_f.jpg,overshirts.html
overshirts,10210 SUPIMA® COTTON TWILL STRETCH-TC,518,518,37,63012976IT,STONE ISLAND,2944/41695,Over Shirts,SHIRTS,2944,Blue,3148,41695,518.0,518.0,1,,True,https://www.stoneisland.com/us/stone-island/shirts_cod63012976it.html#dept=vrshrtsss,https://cdn.yoox.biz/63/63012976IT_13_f.jpg,overshirts.html
overshirts,10210 SUPIMA® COTTON TWILL STRETCH-TC,518,518,38,63012977AK,STONE ISLAND,2944/41695,Over Shirts,SHIRTS,2944,Black,3138,41695,518.0,518.0,1,,True,https://www.stoneisland.com/us/stone-island/shirts_cod63012977ak.html#dept=vrshrtsss,https://cdn.yoox.biz/63/63012977AK_13_f.jpg,overshirts.html
overshirts,106WN ‘OLD’ TREATMENT,630,630,39,63012973IR,STONE ISLAND,2944/41695,Over Shirts,SHIRTS,2944,Black,3138,41695,630.0,630.0,1,,True,https://www.stoneisland.com/us/stone-island/shirts_cod63012973ir.html#dept=vrshrtsss,https://cdn.yoox.biz/63/63012973IR_13_f.jpg,overshirts.html
overshirts,106WN ‘OLD’ TREATMENT,630,630,40,63012971BV,STONE ISLAND,2944/41695,Over Shirts,SHIRTS,2944,Blue,3148,41695,630.0,630.0,1,,True,https://www.stoneisland.com/us/stone-island/shirts_cod63012971bv.html#dept=vrshrtsss,https://cdn.yoox.biz/63/63012971BV_13_f.jpg,overshirts.html
