product_id,product_name,price,category,image_urls,product_url,colors,filename
XCMCP611100CVQT810,Tod's Belt in Suede,$375,men_belts,"//www.tods.com/fashion/tods/XCMCP611100CVQT810/XCMCP611100CVQT810-01.jpg?imwidth=950, //www.tods.com/fashion/tods/XCMCP611100CVQT810/XCMCP611100CVQT810-01.jpg?imwidth=820, //www.tods.com/fashion/tods/XCMCP611100CVQT810/XCMCP611100CVQT810-01.jpg?imwidth=624, //www.tods.com/fashion/tods/XCMCP611100CVQT810/XCMCP611100CVQT810-01.jpg?imwidth=496, //www.tods.com/fashion/tods/XCMCP611100CVQT810/XCMCP611100CVQT810-01.jpg?imwidth=750, //www.tods.com/fashion/tods/XCMCP611100CVQT810/XCMCP611100CVQT810-01.jpg?imwidth=475",https://www.tods.com/us-en/Tod's-Belt-in-Suede/p/XCMCP611100CVQT810/,GREEN,men_belts.html
XCMCQT90100RLXS810,Belt in Leather,$495,men_belts,"//www.tods.com/fashion/tods/XCMCQT90100RLXS810/XCMCQT90100RLXS810-01.jpg?imwidth=950, //www.tods.com/fashion/tods/XCMCQT90100RLXS810/XCMCQT90100RLXS810-01.jpg?imwidth=820, //www.tods.com/fashion/tods/XCMCQT90100RLXS810/XCMCQT90100RLXS810-01.jpg?imwidth=624, //www.tods.com/fashion/tods/XCMCQT90100RLXS810/XCMCQT90100RLXS810-01.jpg?imwidth=496, //www.tods.com/fashion/tods/XCMCQT90100RLXS810/XCMCQT90100RLXS810-01.jpg?imwidth=750, //www.tods.com/fashion/tods/XCMCQT90100RLXS810/XCMCQT90100RLXS810-01.jpg?imwidth=475",https://www.tods.com/us-en/Belt-in-Leather/p/XCMCQT90100RLXS810/,BROWN,men_belts.html
XCMCQT90100GRCU805,Belt in Leather,$495,men_belts,"//www.tods.com/fashion/tods/XCMCQT90100GRCU805/XCMCQT90100GRCU805-01.jpg?imwidth=950, //www.tods.com/fashion/tods/XCMCQT90100GRCU805/XCMCQT90100GRCU805-01.jpg?imwidth=820, //www.tods.com/fashion/tods/XCMCQT90100GRCU805/XCMCQT90100GRCU805-01.jpg?imwidth=624, //www.tods.com/fashion/tods/XCMCQT90100GRCU805/XCMCQT90100GRCU805-01.jpg?imwidth=496, //www.tods.com/fashion/tods/XCMCQT90100GRCU805/XCMCQT90100GRCU805-01.jpg?imwidth=750, //www.tods.com/fashion/tods/XCMCQT90100GRCU805/XCMCQT90100GRCU805-01.jpg?imwidth=475",https://www.tods.com/us-en/Belt-in-Leather/p/XCMCQT90100GRCU805/,BLUE,men_belts.html
XCMCQT90100RLXB999,Belt in Leather,$495,men_belts,"//www.tods.com/fashion/tods/XCMCQT90100RLXB999/XCMCQT90100RLXB999-01.jpg?imwidth=950, //www.tods.com/fashion/tods/XCMCQT90100RLXB999/XCMCQT90100RLXB999-01.jpg?imwidth=820, //www.tods.com/fashion/tods/XCMCQT90100RLXB999/XCMCQT90100RLXB999-01.jpg?imwidth=624, //www.tods.com/fashion/tods/XCMCQT90100RLXB999/XCMCQT90100RLXB999-01.jpg?imwidth=496, //www.tods.com/fashion/tods/XCMCQT90100RLXB999/XCMCQT90100RLXB999-01.jpg?imwidth=750, //www.tods.com/fashion/tods/XCMCQT90100RLXB999/XCMCQT90100RLXB999-01.jpg?imwidth=475",https://www.tods.com/us-en/Belt-in-Leather/p/XCMCQT90100RLXB999/,BLACK,men_belts.html
XCMCQR55108RJVB999,T Timeless Reversible Belt in Leather,$545,men_belts,"//www.tods.com/fashion/tods/XCMCQR55108RJVB999/XCMCQR55108RJVB999-01.jpg?imwidth=950, //www.tods.com/fashion/tods/XCMCQR55108RJVB999/XCMCQR55108RJVB999-01.jpg?imwidth=820, //www.tods.com/fashion/tods/XCMCQR55108RJVB999/XCMCQR55108RJVB999-01.jpg?imwidth=624, //www.tods.com/fashion/tods/XCMCQR55108RJVB999/XCMCQR55108RJVB999-01.jpg?imwidth=496, //www.tods.com/fashion/tods/XCMCQR55108RJVB999/XCMCQR55108RJVB999-01.jpg?imwidth=750, //www.tods.com/fashion/tods/XCMCQR55108RJVB999/XCMCQR55108RJVB999-01.jpg?imwidth=475",https://www.tods.com/us-en/T-Timeless-Reversible-Belt-in-Leather/p/XCMCQR55108RJVB999/,BLACK,men_belts.html
XCMCQR55108RJVB013,T Timeless Reversible Belt in Leather,$545 Reduced price $327,men_belts,"//www.tods.com/fashion/tods/XCMCQR55108RJVB013/XCMCQR55108RJVB013-01.jpg?imwidth=950, //www.tods.com/fashion/tods/XCMCQR55108RJVB013/XCMCQR55108RJVB013-01.jpg?imwidth=820, //www.tods.com/fashion/tods/XCMCQR55108RJVB013/XCMCQR55108RJVB013-01.jpg?imwidth=624, //www.tods.com/fashion/tods/XCMCQR55108RJVB013/XCMCQR55108RJVB013-01.jpg?imwidth=496, //www.tods.com/fashion/tods/XCMCQR55108RJVB013/XCMCQR55108RJVB013-01.jpg?imwidth=750, //www.tods.com/fashion/tods/XCMCQR55108RJVB013/XCMCQR55108RJVB013-01.jpg?imwidth=475",https://www.tods.com/us-en/T-Timeless-Reversible-Belt-in-Leather/p/XCMCQR55108RJVB013/,WHITE,men_belts.html
XCMCQR56100HDL576C,Black,$445,men_belts,"//www.tods.com/fashion/tods/XCMCQR56100HDL576C/XCMCQR56100HDL576C-01.jpg?imwidth=950, //www.tods.com/fashion/tods/XCMCQR56100HDL576C/XCMCQR56100HDL576C-01.jpg?imwidth=820, //www.tods.com/fashion/tods/XCMCQR56100HDL576C/XCMCQR56100HDL576C-01.jpg?imwidth=624, //www.tods.com/fashion/tods/XCMCQR56100HDL576C/XCMCQR56100HDL576C-01.jpg?imwidth=496, //www.tods.com/fashion/tods/XCMCQR56100HDL576C/XCMCQR56100HDL576C-01.jpg?imwidth=750, //www.tods.com/fashion/tods/XCMCQR56100HDL576C/XCMCQR56100HDL576C-01.jpg?imwidth=475",https://www.tods.com/us-en/T-Timeless-Reversible-Belt-in-Leather/p/XCMCQR56100HDL576C/,Burgundy,men_belts.html
XCMCQR56100QOO4Q73,Blue,$445,men_belts,"//www.tods.com/fashion/tods/XCMCQR56100QOO4Q73/XCMCQR56100QOO4Q73-01.jpg?imwidth=950, //www.tods.com/fashion/tods/XCMCQR56100QOO4Q73/XCMCQR56100QOO4Q73-01.jpg?imwidth=820, //www.tods.com/fashion/tods/XCMCQR56100QOO4Q73/XCMCQR56100QOO4Q73-01.jpg?imwidth=624, //www.tods.com/fashion/tods/XCMCQR56100QOO4Q73/XCMCQR56100QOO4Q73-01.jpg?imwidth=496, //www.tods.com/fashion/tods/XCMCQR56100QOO4Q73/XCMCQR56100QOO4Q73-01.jpg?imwidth=750, //www.tods.com/fashion/tods/XCMCQR56100QOO4Q73/XCMCQR56100QOO4Q73-01.jpg?imwidth=475",https://www.tods.com/us-en/T-Timeless-Reversible-Belt-in-Leather/p/XCMCQR56100QOO4Q73/,Black,men_belts.html
XCMCP770100HGR01L7,Belt in Canvas and Leather,$545,men_belts,"//www.tods.com/fashion/tods/XCMCP770100HGR01L7/XCMCP770100HGR01L7-01.jpg?imwidth=950, //www.tods.com/fashion/tods/XCMCP770100HGR01L7/XCMCP770100HGR01L7-01.jpg?imwidth=820, //www.tods.com/fashion/tods/XCMCP770100HGR01L7/XCMCP770100HGR01L7-01.jpg?imwidth=624, //www.tods.com/fashion/tods/XCMCP770100HGR01L7/XCMCP770100HGR01L7-01.jpg?imwidth=496, //www.tods.com/fashion/tods/XCMCP770100HGR01L7/XCMCP770100HGR01L7-01.jpg?imwidth=750, //www.tods.com/fashion/tods/XCMCP770100HGR01L7/XCMCP770100HGR01L7-01.jpg?imwidth=475",https://www.tods.com/us-en/Belt-in-Canvas-and-Leather/p/XCMCP770100HGR01L7/,Blue,men_belts.html
XCMCP770100HGRS800,Belt in Canvas and Leather,$545,men_belts,"//www.tods.com/fashion/tods/XCMCP770100HGRS800/XCMCP770100HGRS800-01.jpg?imwidth=950, //www.tods.com/fashion/tods/XCMCP770100HGRS800/XCMCP770100HGRS800-01.jpg?imwidth=820, //www.tods.com/fashion/tods/XCMCP770100HGRS800/XCMCP770100HGRS800-01.jpg?imwidth=624, //www.tods.com/fashion/tods/XCMCP770100HGRS800/XCMCP770100HGRS800-01.jpg?imwidth=496, //www.tods.com/fashion/tods/XCMCP770100HGRS800/XCMCP770100HGRS800-01.jpg?imwidth=750, //www.tods.com/fashion/tods/XCMCP770100HGRS800/XCMCP770100HGRS800-01.jpg?imwidth=475",https://www.tods.com/us-en/Belt-in-Canvas-and-Leather/p/XCMCP770100HGRS800/,BROWN,men_belts.html
XCMCP770100L9X518B,Belt in Canvas and Leather,$545,men_belts,"//www.tods.com/fashion/tods/XCMCP770100L9X518B/XCMCP770100L9X518B-01.jpg?imwidth=950, //www.tods.com/fashion/tods/XCMCP770100L9X518B/XCMCP770100L9X518B-01.jpg?imwidth=820, //www.tods.com/fashion/tods/XCMCP770100L9X518B/XCMCP770100L9X518B-01.jpg?imwidth=624, //www.tods.com/fashion/tods/XCMCP770100L9X518B/XCMCP770100L9X518B-01.jpg?imwidth=496, //www.tods.com/fashion/tods/XCMCP770100L9X518B/XCMCP770100L9X518B-01.jpg?imwidth=750, //www.tods.com/fashion/tods/XCMCP770100L9X518B/XCMCP770100L9X518B-01.jpg?imwidth=475",https://www.tods.com/us-en/Belt-in-Canvas-and-Leather/p/XCMCP770100L9X518B/,Beige,men_belts.html
XCMCP770100L9XS800,BROWN,$545,men_belts,"//www.tods.com/fashion/tods/XCMCP770100L9XS800/XCMCP770100L9XS800-01.jpg?imwidth=950, //www.tods.com/fashion/tods/XCMCP770100L9XS800/XCMCP770100L9XS800-01.jpg?imwidth=820, //www.tods.com/fashion/tods/XCMCP770100L9XS800/XCMCP770100L9XS800-01.jpg?imwidth=624, //www.tods.com/fashion/tods/XCMCP770100L9XS800/XCMCP770100L9XS800-01.jpg?imwidth=496, //www.tods.com/fashion/tods/XCMCP770100L9XS800/XCMCP770100L9XS800-01.jpg?imwidth=750, //www.tods.com/fashion/tods/XCMCP770100L9XS800/XCMCP770100L9XS800-01.jpg?imwidth=475",https://www.tods.com/us-en/Belt-in-Canvas-and-Leather/p/XCMCP770100L9XS800/,$545,men_belts.html
XCMCQS90100QOP0039,Reversible Belt in Leather,$595,men_belts,"//www.tods.com/fashion/tods/XCMCQS90100QOP0039/XCMCQS90100QOP0039-01.jpg?imwidth=950, //www.tods.com/fashion/tods/XCMCQS90100QOP0039/XCMCQS90100QOP0039-01.jpg?imwidth=820, //www.tods.com/fashion/tods/XCMCQS90100QOP0039/XCMCQS90100QOP0039-01.jpg?imwidth=624, //www.tods.com/fashion/tods/XCMCQS90100QOP0039/XCMCQS90100QOP0039-01.jpg?imwidth=496, //www.tods.com/fashion/tods/XCMCQS90100QOP0039/XCMCQS90100QOP0039-01.jpg?imwidth=750, //www.tods.com/fashion/tods/XCMCQS90100QOP0039/XCMCQS90100QOP0039-01.jpg?imwidth=475",https://www.tods.com/us-en/Reversible-Belt-in-Leather/p/XCMCQS90100QOP0039/,Brown,men_belts.html
XCMCQS90100QOP7O69,Reversible Belt in Leather,$595,men_belts,"//www.tods.com/fashion/tods/XCMCQS90100QOP7O69/XCMCQS90100QOP7O69-01.jpg?imwidth=950, //www.tods.com/fashion/tods/XCMCQS90100QOP7O69/XCMCQS90100QOP7O69-01.jpg?imwidth=820, //www.tods.com/fashion/tods/XCMCQS90100QOP7O69/XCMCQS90100QOP7O69-01.jpg?imwidth=624, //www.tods.com/fashion/tods/XCMCQS90100QOP7O69/XCMCQS90100QOP7O69-01.jpg?imwidth=496, //www.tods.com/fashion/tods/XCMCQS90100QOP7O69/XCMCQS90100QOP7O69-01.jpg?imwidth=750, //www.tods.com/fashion/tods/XCMCQS90100QOP7O69/XCMCQS90100QOP7O69-01.jpg?imwidth=475",https://www.tods.com/us-en/Reversible-Belt-in-Leather/p/XCMCQS90100QOP7O69/,Brown,men_belts.html
XCMCQW00100HWKB999,Reversible Belt in Leather,$545,men_belts,"//www.tods.com/fashion/tods/XCMCQW00100HWKB999/XCMCQW00100HWKB999-01.jpg?imwidth=950, //www.tods.com/fashion/tods/XCMCQW00100HWKB999/XCMCQW00100HWKB999-01.jpg?imwidth=820, //www.tods.com/fashion/tods/XCMCQW00100HWKB999/XCMCQW00100HWKB999-01.jpg?imwidth=624, //www.tods.com/fashion/tods/XCMCQW00100HWKB999/XCMCQW00100HWKB999-01.jpg?imwidth=496, //www.tods.com/fashion/tods/XCMCQW00100HWKB999/XCMCQW00100HWKB999-01.jpg?imwidth=750, //www.tods.com/fashion/tods/XCMCQW00100HWKB999/XCMCQW00100HWKB999-01.jpg?imwidth=475",https://www.tods.com/us-en/Reversible-Belt-in-Leather/p/XCMCQW00100HWKB999/,BLACK,men_belts.html
XCMCQW00100CVQ175S,Reversible Belt in Leather,$545,men_belts,"//www.tods.com/fashion/tods/XCMCQW00100CVQ175S/XCMCQW00100CVQ175S-01.jpg?imwidth=950, //www.tods.com/fashion/tods/XCMCQW00100CVQ175S/XCMCQW00100CVQ175S-01.jpg?imwidth=820, //www.tods.com/fashion/tods/XCMCQW00100CVQ175S/XCMCQW00100CVQ175S-01.jpg?imwidth=624, //www.tods.com/fashion/tods/XCMCQW00100CVQ175S/XCMCQW00100CVQ175S-01.jpg?imwidth=496, //www.tods.com/fashion/tods/XCMCQW00100CVQ175S/XCMCQW00100CVQ175S-01.jpg?imwidth=750, //www.tods.com/fashion/tods/XCMCQW00100CVQ175S/XCMCQW00100CVQ175S-01.jpg?imwidth=475",https://www.tods.com/us-en/Reversible-Belt-in-Leather/p/XCMCQW00100CVQ175S/,Beige,men_belts.html
XCMCQR57100NF4B999,T Timeless Belt in Leather,$625,men_belts,"//www.tods.com/fashion/tods/XCMCQR57100NF4B999/XCMCQR57100NF4B999-01.jpg?imwidth=950, //www.tods.com/fashion/tods/XCMCQR57100NF4B999/XCMCQR57100NF4B999-01.jpg?imwidth=820, //www.tods.com/fashion/tods/XCMCQR57100NF4B999/XCMCQR57100NF4B999-01.jpg?imwidth=624, //www.tods.com/fashion/tods/XCMCQR57100NF4B999/XCMCQR57100NF4B999-01.jpg?imwidth=496, //www.tods.com/fashion/tods/XCMCQR57100NF4B999/XCMCQR57100NF4B999-01.jpg?imwidth=750, //www.tods.com/fashion/tods/XCMCQR57100NF4B999/XCMCQR57100NF4B999-01.jpg?imwidth=475",https://www.tods.com/us-en/T-Timeless-Belt-in-Leather/p/XCMCQR57100NF4B999/,BLACK,men_belts.html
XCMCQR57100NF4S003,T Timeless Belt in Leather,$625,men_belts,"//www.tods.com/fashion/tods/XCMCQR57100NF4S003/XCMCQR57100NF4S003-01.jpg?imwidth=950, //www.tods.com/fashion/tods/XCMCQR57100NF4S003/XCMCQR57100NF4S003-01.jpg?imwidth=820, //www.tods.com/fashion/tods/XCMCQR57100NF4S003/XCMCQR57100NF4S003-01.jpg?imwidth=624, //www.tods.com/fashion/tods/XCMCQR57100NF4S003/XCMCQR57100NF4S003-01.jpg?imwidth=496, //www.tods.com/fashion/tods/XCMCQR57100NF4S003/XCMCQR57100NF4S003-01.jpg?imwidth=750, //www.tods.com/fashion/tods/XCMCQR57100NF4S003/XCMCQR57100NF4S003-01.jpg?imwidth=475",https://www.tods.com/us-en/T-Timeless-Belt-in-Leather/p/XCMCQR57100NF4S003/,BROWN,men_belts.html
XCMCPR23100RJM1184,Belt in Leather and Jute,$425,men_belts,"//www.tods.com/fashion/tods/XCMCPR23100RJM1184/XCMCPR23100RJM1184-01.jpg?imwidth=950, //www.tods.com/fashion/tods/XCMCPR23100RJM1184/XCMCPR23100RJM1184-01.jpg?imwidth=820, //www.tods.com/fashion/tods/XCMCPR23100RJM1184/XCMCPR23100RJM1184-01.jpg?imwidth=624, //www.tods.com/fashion/tods/XCMCPR23100RJM1184/XCMCPR23100RJM1184-01.jpg?imwidth=496, //www.tods.com/fashion/tods/XCMCPR23100RJM1184/XCMCPR23100RJM1184-01.jpg?imwidth=750, //www.tods.com/fashion/tods/XCMCPR23100RJM1184/XCMCPR23100RJM1184-01.jpg?imwidth=475",https://www.tods.com/us-en/Belt-in-Leather-and-Jute/p/XCMCPR23100RJM1184/,Brown,men_belts.html
XCMCPR23100RJT5O78,Belt in Fabric and Leather,$425,men_belts,"//www.tods.com/fashion/tods/XCMCPR23100RJT5O78/XCMCPR23100RJT5O78-01.jpg?imwidth=950, //www.tods.com/fashion/tods/XCMCPR23100RJT5O78/XCMCPR23100RJT5O78-01.jpg?imwidth=820, //www.tods.com/fashion/tods/XCMCPR23100RJT5O78/XCMCPR23100RJT5O78-01.jpg?imwidth=624, //www.tods.com/fashion/tods/XCMCPR23100RJT5O78/XCMCPR23100RJT5O78-01.jpg?imwidth=496, //www.tods.com/fashion/tods/XCMCPR23100RJT5O78/XCMCPR23100RJT5O78-01.jpg?imwidth=750, //www.tods.com/fashion/tods/XCMCPR23100RJT5O78/XCMCPR23100RJT5O78-01.jpg?imwidth=475",https://www.tods.com/us-en/Belt-in-Fabric-and-Leather/p/XCMCPR23100RJT5O78/,Brown,men_belts.html
XCMCQR70100SUNB999,BLACK,$395,men_belts,"//www.tods.com/fashion/tods/XCMCQR70100SUNB999/XCMCQR70100SUNB999-01.jpg?imwidth=950, //www.tods.com/fashion/tods/XCMCQR70100SUNB999/XCMCQR70100SUNB999-01.jpg?imwidth=820, //www.tods.com/fashion/tods/XCMCQR70100SUNB999/XCMCQR70100SUNB999-01.jpg?imwidth=624, //www.tods.com/fashion/tods/XCMCQR70100SUNB999/XCMCQR70100SUNB999-01.jpg?imwidth=496, //www.tods.com/fashion/tods/XCMCQR70100SUNB999/XCMCQR70100SUNB999-01.jpg?imwidth=750, //www.tods.com/fashion/tods/XCMCQR70100SUNB999/XCMCQR70100SUNB999-01.jpg?imwidth=475",https://www.tods.com/us-en/Belt-in-Leather/p/XCMCQR70100SUNB999/,$395,men_belts.html
XCMCQS50100QDSB999,BLACK,$495,men_belts,"//www.tods.com/fashion/tods/XCMCQS50100QDSB999/XCMCQS50100QDSB999-01.jpg?imwidth=950, //www.tods.com/fashion/tods/XCMCQS50100QDSB999/XCMCQS50100QDSB999-01.jpg?imwidth=820, //www.tods.com/fashion/tods/XCMCQS50100QDSB999/XCMCQS50100QDSB999-01.jpg?imwidth=624, //www.tods.com/fashion/tods/XCMCQS50100QDSB999/XCMCQS50100QDSB999-01.jpg?imwidth=496, //www.tods.com/fashion/tods/XCMCQS50100QDSB999/XCMCQS50100QDSB999-01.jpg?imwidth=750, //www.tods.com/fashion/tods/XCMCQS50100QDSB999/XCMCQS50100QDSB999-01.jpg?imwidth=475",https://www.tods.com/us-en/Belt-in-Leather/p/XCMCQS50100QDSB999/,$495,men_belts.html
XCMCQS50100QNTS810,BROWN,$495,men_belts,"//www.tods.com/fashion/tods/XCMCQS50100QNTS810/XCMCQS50100QNTS810-01.jpg?imwidth=950, //www.tods.com/fashion/tods/XCMCQS50100QNTS810/XCMCQS50100QNTS810-01.jpg?imwidth=820, //www.tods.com/fashion/tods/XCMCQS50100QNTS810/XCMCQS50100QNTS810-01.jpg?imwidth=624, //www.tods.com/fashion/tods/XCMCQS50100QNTS810/XCMCQS50100QNTS810-01.jpg?imwidth=496, //www.tods.com/fashion/tods/XCMCQS50100QNTS810/XCMCQS50100QNTS810-01.jpg?imwidth=750, //www.tods.com/fashion/tods/XCMCQS50100QNTS810/XCMCQS50100QNTS810-01.jpg?imwidth=475",https://www.tods.com/us-en/Belt-in-Leather/p/XCMCQS50100QNTS810/,$495,men_belts.html
XCMCQS50100QNTS410,BROWN,$495,men_belts,"//www.tods.com/fashion/tods/XCMCQS50100QNTS410/XCMCQS50100QNTS410-01.jpg?imwidth=950, //www.tods.com/fashion/tods/XCMCQS50100QNTS410/XCMCQS50100QNTS410-01.jpg?imwidth=820, //www.tods.com/fashion/tods/XCMCQS50100QNTS410/XCMCQS50100QNTS410-01.jpg?imwidth=624, //www.tods.com/fashion/tods/XCMCQS50100QNTS410/XCMCQS50100QNTS410-01.jpg?imwidth=496, //www.tods.com/fashion/tods/XCMCQS50100QNTS410/XCMCQS50100QNTS410-01.jpg?imwidth=750, //www.tods.com/fashion/tods/XCMCQS50100QNTS410/XCMCQS50100QNTS410-01.jpg?imwidth=475",https://www.tods.com/us-en/Belt-in-Leather/p/XCMCQS50100QNTS410/,$495,men_belts.html
XCMCPR231L0HMKG801,Belt in Suede,$425,men_belts,"//www.tods.com/fashion/tods/XCMCPR231L0HMKG801/XCMCPR231L0HMKG801-01.jpg?imwidth=950, //www.tods.com/fashion/tods/XCMCPR231L0HMKG801/XCMCPR231L0HMKG801-01.jpg?imwidth=820, //www.tods.com/fashion/tods/XCMCPR231L0HMKG801/XCMCPR231L0HMKG801-01.jpg?imwidth=624, //www.tods.com/fashion/tods/XCMCPR231L0HMKG801/XCMCPR231L0HMKG801-01.jpg?imwidth=496, //www.tods.com/fashion/tods/XCMCPR231L0HMKG801/XCMCPR231L0HMKG801-01.jpg?imwidth=750, //www.tods.com/fashion/tods/XCMCPR231L0HMKG801/XCMCPR231L0HMKG801-01.jpg?imwidth=475",https://www.tods.com/us-en/Belt-in-Suede/p/XCMCPR231L0HMKG801/,ORANGE,men_belts.html
XCMCPR23100HMKG823,BEIGE,Check in store availability,men_belts,"//www.tods.com/fashion/tods/XCMCPR23100HMKG823/XCMCPR23100HMKG823-01.jpg?imwidth=950, //www.tods.com/fashion/tods/XCMCPR23100HMKG823/XCMCPR23100HMKG823-01.jpg?imwidth=820, //www.tods.com/fashion/tods/XCMCPR23100HMKG823/XCMCPR23100HMKG823-01.jpg?imwidth=624, //www.tods.com/fashion/tods/XCMCPR23100HMKG823/XCMCPR23100HMKG823-01.jpg?imwidth=496, //www.tods.com/fashion/tods/XCMCPR23100HMKG823/XCMCPR23100HMKG823-01.jpg?imwidth=750, //www.tods.com/fashion/tods/XCMCPR23100HMKG823/XCMCPR23100HMKG823-01.jpg?imwidth=475",https://www.tods.com/us-en/Belt-in-Suede/p/XCMCPR23100HMKG823/,$425,men_belts.html
XCMCPR23100HMKV822,GREEN,$425,men_belts,"//www.tods.com/fashion/tods/XCMCPR23100HMKV822/XCMCPR23100HMKV822-01.jpg?imwidth=950, //www.tods.com/fashion/tods/XCMCPR23100HMKV822/XCMCPR23100HMKV822-01.jpg?imwidth=820, //www.tods.com/fashion/tods/XCMCPR23100HMKV822/XCMCPR23100HMKV822-01.jpg?imwidth=624, //www.tods.com/fashion/tods/XCMCPR23100HMKV822/XCMCPR23100HMKV822-01.jpg?imwidth=496, //www.tods.com/fashion/tods/XCMCPR23100HMKV822/XCMCPR23100HMKV822-01.jpg?imwidth=750, //www.tods.com/fashion/tods/XCMCPR23100HMKV822/XCMCPR23100HMKV822-01.jpg?imwidth=475",https://www.tods.com/us-en/Belt-in-Suede/p/XCMCPR23100HMKV822/,$425,men_belts.html
XCMCPR23100HMKS809,BROWN,$425,men_belts,"//www.tods.com/fashion/tods/XCMCPR23100HMKS809/XCMCPR23100HMKS809-01.jpg?imwidth=950, //www.tods.com/fashion/tods/XCMCPR23100HMKS809/XCMCPR23100HMKS809-01.jpg?imwidth=820, //www.tods.com/fashion/tods/XCMCPR23100HMKS809/XCMCPR23100HMKS809-01.jpg?imwidth=624, //www.tods.com/fashion/tods/XCMCPR23100HMKS809/XCMCPR23100HMKS809-01.jpg?imwidth=496, //www.tods.com/fashion/tods/XCMCPR23100HMKS809/XCMCPR23100HMKS809-01.jpg?imwidth=750, //www.tods.com/fashion/tods/XCMCPR23100HMKS809/XCMCPR23100HMKS809-01.jpg?imwidth=475",https://www.tods.com/us-en/Belt-in-Suede/p/XCMCPR23100HMKS809/,$425,men_belts.html
XCMCQR55100CPE114X,Blue,$495,men_belts,"//www.tods.com/fashion/tods/XCMCQR55100CPE114X/XCMCQR55100CPE114X-01.jpg?imwidth=950, //www.tods.com/fashion/tods/XCMCQR55100CPE114X/XCMCQR55100CPE114X-01.jpg?imwidth=820, //www.tods.com/fashion/tods/XCMCQR55100CPE114X/XCMCQR55100CPE114X-01.jpg?imwidth=624, //www.tods.com/fashion/tods/XCMCQR55100CPE114X/XCMCQR55100CPE114X-01.jpg?imwidth=496, //www.tods.com/fashion/tods/XCMCQR55100CPE114X/XCMCQR55100CPE114X-01.jpg?imwidth=750, //www.tods.com/fashion/tods/XCMCQR55100CPE114X/XCMCQR55100CPE114X-01.jpg?imwidth=475",https://www.tods.com/us-en/T-Timeless-Reversible-Belt-in-Leather/p/XCMCQR55100CPE114X/,Black,men_belts.html
XCMCQR55100CPEB015,WHITE,$495,men_belts,"//www.tods.com/fashion/tods/XCMCQR55100CPEB015/XCMCQR55100CPEB015-01.jpg?imwidth=950, //www.tods.com/fashion/tods/XCMCQR55100CPEB015/XCMCQR55100CPEB015-01.jpg?imwidth=820, //www.tods.com/fashion/tods/XCMCQR55100CPEB015/XCMCQR55100CPEB015-01.jpg?imwidth=624, //www.tods.com/fashion/tods/XCMCQR55100CPEB015/XCMCQR55100CPEB015-01.jpg?imwidth=496, //www.tods.com/fashion/tods/XCMCQR55100CPEB015/XCMCQR55100CPEB015-01.jpg?imwidth=750, //www.tods.com/fashion/tods/XCMCQR55100CPEB015/XCMCQR55100CPEB015-01.jpg?imwidth=475",https://www.tods.com/us-en/T-Timeless-Reversible-Belt-in-Leather/p/XCMCQR55100CPEB015/,$495,men_belts.html
XCMCQR55100KQY56RF,Blue,$495,men_belts,"//www.tods.com/fashion/tods/XCMCQR55100KQY56RF/XCMCQR55100KQY56RF-01.jpg?imwidth=950, //www.tods.com/fashion/tods/XCMCQR55100KQY56RF/XCMCQR55100KQY56RF-01.jpg?imwidth=820, //www.tods.com/fashion/tods/XCMCQR55100KQY56RF/XCMCQR55100KQY56RF-01.jpg?imwidth=624, //www.tods.com/fashion/tods/XCMCQR55100KQY56RF/XCMCQR55100KQY56RF-01.jpg?imwidth=496, //www.tods.com/fashion/tods/XCMCQR55100KQY56RF/XCMCQR55100KQY56RF-01.jpg?imwidth=750, //www.tods.com/fashion/tods/XCMCQR55100KQY56RF/XCMCQR55100KQY56RF-01.jpg?imwidth=475",https://www.tods.com/us-en/T-Timeless-Reversible-Belt-in-Suede/p/XCMCQR55100KQY56RF/,Brown,men_belts.html
XCMCQR55100KQY0531,Brown,$495,men_belts,"//www.tods.com/fashion/tods/XCMCQR55100KQY0531/XCMCQR55100KQY0531-01.jpg?imwidth=950, //www.tods.com/fashion/tods/XCMCQR55100KQY0531/XCMCQR55100KQY0531-01.jpg?imwidth=820, //www.tods.com/fashion/tods/XCMCQR55100KQY0531/XCMCQR55100KQY0531-01.jpg?imwidth=624, //www.tods.com/fashion/tods/XCMCQR55100KQY0531/XCMCQR55100KQY0531-01.jpg?imwidth=496, //www.tods.com/fashion/tods/XCMCQR55100KQY0531/XCMCQR55100KQY0531-01.jpg?imwidth=750, //www.tods.com/fashion/tods/XCMCQR55100KQY0531/XCMCQR55100KQY0531-01.jpg?imwidth=475",https://www.tods.com/us-en/T-Timeless-Reversible-Belt-in-Suede/p/XCMCQR55100KQY0531/,Black,men_belts.html
XCMCPR23100HMKB999,BLACK,$425,men_belts,"//www.tods.com/fashion/tods/XCMCPR23100HMKB999/XCMCPR23100HMKB999-01.jpg?imwidth=950, //www.tods.com/fashion/tods/XCMCPR23100HMKB999/XCMCPR23100HMKB999-01.jpg?imwidth=820, //www.tods.com/fashion/tods/XCMCPR23100HMKB999/XCMCPR23100HMKB999-01.jpg?imwidth=624, //www.tods.com/fashion/tods/XCMCPR23100HMKB999/XCMCPR23100HMKB999-01.jpg?imwidth=496, //www.tods.com/fashion/tods/XCMCPR23100HMKB999/XCMCPR23100HMKB999-01.jpg?imwidth=750, //www.tods.com/fashion/tods/XCMCPR23100HMKB999/XCMCPR23100HMKB999-01.jpg?imwidth=475",https://www.tods.com/us-en/Belt-in-Suede/p/XCMCPR23100HMKB999/,$425,men_belts.html
XCMCPR23100HMKS800,BROWN,$425,men_belts,"//www.tods.com/fashion/tods/XCMCPR23100HMKS800/XCMCPR23100HMKS800-01.jpg?imwidth=950, //www.tods.com/fashion/tods/XCMCPR23100HMKS800/XCMCPR23100HMKS800-01.jpg?imwidth=820, //www.tods.com/fashion/tods/XCMCPR23100HMKS800/XCMCPR23100HMKS800-01.jpg?imwidth=624, //www.tods.com/fashion/tods/XCMCPR23100HMKS800/XCMCPR23100HMKS800-01.jpg?imwidth=496, //www.tods.com/fashion/tods/XCMCPR23100HMKS800/XCMCPR23100HMKS800-01.jpg?imwidth=750, //www.tods.com/fashion/tods/XCMCPR23100HMKS800/XCMCPR23100HMKS800-01.jpg?imwidth=475",https://www.tods.com/us-en/Belt-in-Suede/p/XCMCPR23100HMKS800/,$425,men_belts.html
XCMCPR23100HMKU205,BLUE,$425,men_belts,"//www.tods.com/fashion/tods/XCMCPR23100HMKU205/XCMCPR23100HMKU205-01.jpg?imwidth=950, //www.tods.com/fashion/tods/XCMCPR23100HMKU205/XCMCPR23100HMKU205-01.jpg?imwidth=820, //www.tods.com/fashion/tods/XCMCPR23100HMKU205/XCMCPR23100HMKU205-01.jpg?imwidth=624, //www.tods.com/fashion/tods/XCMCPR23100HMKU205/XCMCPR23100HMKU205-01.jpg?imwidth=496, //www.tods.com/fashion/tods/XCMCPR23100HMKU205/XCMCPR23100HMKU205-01.jpg?imwidth=750, //www.tods.com/fashion/tods/XCMCPR23100HMKU205/XCMCPR23100HMKU205-01.jpg?imwidth=475",https://www.tods.com/us-en/Belt-in-Suede/p/XCMCPR23100HMKU205/,$425,men_belts.html
XCMCP610100HURU817,BLUE,$325,men_belts,"//www.tods.com/fashion/tods/XCMCP610100HURU817/XCMCP610100HURU817-01.jpg?imwidth=950, //www.tods.com/fashion/tods/XCMCP610100HURU817/XCMCP610100HURU817-01.jpg?imwidth=820, //www.tods.com/fashion/tods/XCMCP610100HURU817/XCMCP610100HURU817-01.jpg?imwidth=624, //www.tods.com/fashion/tods/XCMCP610100HURU817/XCMCP610100HURU817-01.jpg?imwidth=496, //www.tods.com/fashion/tods/XCMCP610100HURU817/XCMCP610100HURU817-01.jpg?imwidth=750, //www.tods.com/fashion/tods/XCMCP610100HURU817/XCMCP610100HURU817-01.jpg?imwidth=475",https://www.tods.com/us-en/Belt-in-Leather/p/XCMCP610100HURU817/,$325,men_belts.html
XCMCP610100HURS801,BROWN,$325,men_belts,"//www.tods.com/fashion/tods/XCMCP610100HURS801/XCMCP610100HURS801-01.jpg?imwidth=950, //www.tods.com/fashion/tods/XCMCP610100HURS801/XCMCP610100HURS801-01.jpg?imwidth=820, //www.tods.com/fashion/tods/XCMCP610100HURS801/XCMCP610100HURS801-01.jpg?imwidth=624, //www.tods.com/fashion/tods/XCMCP610100HURS801/XCMCP610100HURS801-01.jpg?imwidth=496, //www.tods.com/fashion/tods/XCMCP610100HURS801/XCMCP610100HURS801-01.jpg?imwidth=750, //www.tods.com/fashion/tods/XCMCP610100HURS801/XCMCP610100HURS801-01.jpg?imwidth=475",https://www.tods.com/us-en/Belt-in-Leather/p/XCMCP610100HURS801/,$325,men_belts.html
XCMCP610100EY0S800,BROWN,$325,men_belts,"//www.tods.com/fashion/tods/XCMCP610100EY0S800/XCMCP610100EY0S800-01.jpg?imwidth=950, //www.tods.com/fashion/tods/XCMCP610100EY0S800/XCMCP610100EY0S800-01.jpg?imwidth=820, //www.tods.com/fashion/tods/XCMCP610100EY0S800/XCMCP610100EY0S800-01.jpg?imwidth=624, //www.tods.com/fashion/tods/XCMCP610100EY0S800/XCMCP610100EY0S800-01.jpg?imwidth=496, //www.tods.com/fashion/tods/XCMCP610100EY0S800/XCMCP610100EY0S800-01.jpg?imwidth=750, //www.tods.com/fashion/tods/XCMCP610100EY0S800/XCMCP610100EY0S800-01.jpg?imwidth=475",https://www.tods.com/us-en/Belt-in-Leather/p/XCMCP610100EY0S800/,$325,men_belts.html
XCMCP610100EY0B999,BLACK,$325,men_belts,"//www.tods.com/fashion/tods/XCMCP610100EY0B999/XCMCP610100EY0B999-01.jpg?imwidth=950, //www.tods.com/fashion/tods/XCMCP610100EY0B999/XCMCP610100EY0B999-01.jpg?imwidth=820, //www.tods.com/fashion/tods/XCMCP610100EY0B999/XCMCP610100EY0B999-01.jpg?imwidth=624, //www.tods.com/fashion/tods/XCMCP610100EY0B999/XCMCP610100EY0B999-01.jpg?imwidth=496, //www.tods.com/fashion/tods/XCMCP610100EY0B999/XCMCP610100EY0B999-01.jpg?imwidth=750, //www.tods.com/fashion/tods/XCMCP610100EY0B999/XCMCP610100EY0B999-01.jpg?imwidth=475",https://www.tods.com/us-en/Belt-in-Leather/p/XCMCP610100EY0B999/,$325,men_belts.html
XCMCP611100CVQ3O28,BEIGE,Check in store availability,men_belts,"//www.tods.com/fashion/tods/XCMCP611100CVQ3O28/XCMCP611100CVQ3O28-01.jpg?imwidth=950, //www.tods.com/fashion/tods/XCMCP611100CVQ3O28/XCMCP611100CVQ3O28-01.jpg?imwidth=820, //www.tods.com/fashion/tods/XCMCP611100CVQ3O28/XCMCP611100CVQ3O28-01.jpg?imwidth=624, //www.tods.com/fashion/tods/XCMCP611100CVQ3O28/XCMCP611100CVQ3O28-01.jpg?imwidth=496, //www.tods.com/fashion/tods/XCMCP611100CVQ3O28/XCMCP611100CVQ3O28-01.jpg?imwidth=750, //www.tods.com/fashion/tods/XCMCP611100CVQ3O28/XCMCP611100CVQ3O28-01.jpg?imwidth=475",https://www.tods.com/us-en/Tod's-Belt-in-Suede/p/XCMCP611100CVQ3O28/,$375,men_belts.html
XCMCQR51104PYCS611,BROWN,Check in store availability,men_belts,"//www.tods.com/fashion/tods/XCMCQR51104PYCS611/XCMCQR51104PYCS611-01.jpg?imwidth=950, //www.tods.com/fashion/tods/XCMCQR51104PYCS611/XCMCQR51104PYCS611-01.jpg?imwidth=820, //www.tods.com/fashion/tods/XCMCQR51104PYCS611/XCMCQR51104PYCS611-01.jpg?imwidth=624, //www.tods.com/fashion/tods/XCMCQR51104PYCS611/XCMCQR51104PYCS611-01.jpg?imwidth=496, //www.tods.com/fashion/tods/XCMCQR51104PYCS611/XCMCQR51104PYCS611-01.jpg?imwidth=750, //www.tods.com/fashion/tods/XCMCQR51104PYCS611/XCMCQR51104PYCS611-01.jpg?imwidth=475",https://www.tods.com/us-en/Reversible-Belt-in-Leather/p/XCMCQR51104PYCS611/,$495,men_belts.html
XCMCP770100L9XB999,Grey,$545,men_belts,"//www.tods.com/fashion/tods/XCMCP770100L9XB999/XCMCP770100L9XB999-01.jpg?imwidth=950, //www.tods.com/fashion/tods/XCMCP770100L9XB999/XCMCP770100L9XB999-01.jpg?imwidth=820, //www.tods.com/fashion/tods/XCMCP770100L9XB999/XCMCP770100L9XB999-01.jpg?imwidth=624, //www.tods.com/fashion/tods/XCMCP770100L9XB999/XCMCP770100L9XB999-01.jpg?imwidth=496, //www.tods.com/fashion/tods/XCMCP770100L9XB999/XCMCP770100L9XB999-01.jpg?imwidth=750, //www.tods.com/fashion/tods/XCMCP770100L9XB999/XCMCP770100L9XB999-01.jpg?imwidth=475",https://www.tods.com/us-en/Belt-in-Canvas-and-Leather/p/XCMCP770100L9XB999/,Black,men_belts.html
XCMCP770100HGRB999,Belt in Canvas and Leather,$545,men_belts,"//www.tods.com/fashion/tods/XCMCP770100HGRB999/XCMCP770100HGRB999-01.jpg?imwidth=950, //www.tods.com/fashion/tods/XCMCP770100HGRB999/XCMCP770100HGRB999-01.jpg?imwidth=820, //www.tods.com/fashion/tods/XCMCP770100HGRB999/XCMCP770100HGRB999-01.jpg?imwidth=624, //www.tods.com/fashion/tods/XCMCP770100HGRB999/XCMCP770100HGRB999-01.jpg?imwidth=496, //www.tods.com/fashion/tods/XCMCP770100HGRB999/XCMCP770100HGRB999-01.jpg?imwidth=750, //www.tods.com/fashion/tods/XCMCP770100HGRB999/XCMCP770100HGRB999-01.jpg?imwidth=475",https://www.tods.com/us-en/Belt-in-Canvas-and-Leather/p/XCMCP770100HGRB999/,BLACK,men_belts.html
XCMCP770100E2U987S,Belt in Canvas and Leather,$545,men_belts,"//www.tods.com/fashion/tods/XCMCP770100E2U987S/XCMCP770100E2U987S-01.jpg?imwidth=950, //www.tods.com/fashion/tods/XCMCP770100E2U987S/XCMCP770100E2U987S-01.jpg?imwidth=820, //www.tods.com/fashion/tods/XCMCP770100E2U987S/XCMCP770100E2U987S-01.jpg?imwidth=624, //www.tods.com/fashion/tods/XCMCP770100E2U987S/XCMCP770100E2U987S-01.jpg?imwidth=496, //www.tods.com/fashion/tods/XCMCP770100E2U987S/XCMCP770100E2U987S-01.jpg?imwidth=750, //www.tods.com/fashion/tods/XCMCP770100E2U987S/XCMCP770100E2U987S-01.jpg?imwidth=475",https://www.tods.com/us-en/Belt-in-Canvas-and-Leather/p/XCMCP770100E2U987S/,Beige,men_belts.html
XCMCQT70100CVQ7P60,Adjustable and Reversible Belt in Leather,$475,men_belts,"//www.tods.com/fashion/tods/XCMCQT70100CVQ7P60/XCMCQT70100CVQ7P60-01.jpg?imwidth=950, //www.tods.com/fashion/tods/XCMCQT70100CVQ7P60/XCMCQT70100CVQ7P60-01.jpg?imwidth=820, //www.tods.com/fashion/tods/XCMCQT70100CVQ7P60/XCMCQT70100CVQ7P60-01.jpg?imwidth=624, //www.tods.com/fashion/tods/XCMCQT70100CVQ7P60/XCMCQT70100CVQ7P60-01.jpg?imwidth=496, //www.tods.com/fashion/tods/XCMCQT70100CVQ7P60/XCMCQT70100CVQ7P60-01.jpg?imwidth=750, //www.tods.com/fashion/tods/XCMCQT70100CVQ7P60/XCMCQT70100CVQ7P60-01.jpg?imwidth=475",https://www.tods.com/us-en/Adjustable-and-Reversible-Belt-in-Leather/p/XCMCQT70100CVQ7P60/,BROWN,men_belts.html
XCMCQT70100TDZ0C42,Adjustable and Reversible Belt in Leather,$475,men_belts,"//www.tods.com/fashion/tods/XCMCQT70100TDZ0C42/XCMCQT70100TDZ0C42-01.jpg?imwidth=950, //www.tods.com/fashion/tods/XCMCQT70100TDZ0C42/XCMCQT70100TDZ0C42-01.jpg?imwidth=820, //www.tods.com/fashion/tods/XCMCQT70100TDZ0C42/XCMCQT70100TDZ0C42-01.jpg?imwidth=624, //www.tods.com/fashion/tods/XCMCQT70100TDZ0C42/XCMCQT70100TDZ0C42-01.jpg?imwidth=496, //www.tods.com/fashion/tods/XCMCQT70100TDZ0C42/XCMCQT70100TDZ0C42-01.jpg?imwidth=750, //www.tods.com/fashion/tods/XCMCQT70100TDZ0C42/XCMCQT70100TDZ0C42-01.jpg?imwidth=475",https://www.tods.com/us-en/Adjustable-and-Reversible-Belt-in-Leather/p/XCMCQT70100TDZ0C42/,Brown,men_belts.html
XCMCP770100RJA1O79,Belt in Canvas and Leather,$545,men_belts,"//www.tods.com/fashion/tods/XCMCP770100RJA1O79/XCMCP770100RJA1O79-01.jpg?imwidth=950, //www.tods.com/fashion/tods/XCMCP770100RJA1O79/XCMCP770100RJA1O79-01.jpg?imwidth=820, //www.tods.com/fashion/tods/XCMCP770100RJA1O79/XCMCP770100RJA1O79-01.jpg?imwidth=624, //www.tods.com/fashion/tods/XCMCP770100RJA1O79/XCMCP770100RJA1O79-01.jpg?imwidth=496, //www.tods.com/fashion/tods/XCMCP770100RJA1O79/XCMCP770100RJA1O79-01.jpg?imwidth=750, //www.tods.com/fashion/tods/XCMCP770100RJA1O79/XCMCP770100RJA1O79-01.jpg?imwidth=475",https://www.tods.com/us-en/Belt-in-Canvas-and-Leather/p/XCMCP770100RJA1O79/,Beige,men_belts.html
XCMCP770100RJA1O80,Belt in Canvas and Leather,Check in store availability,men_belts,"//www.tods.com/fashion/tods/XCMCP770100RJA1O80/XCMCP770100RJA1O80-01.jpg?imwidth=950, //www.tods.com/fashion/tods/XCMCP770100RJA1O80/XCMCP770100RJA1O80-01.jpg?imwidth=820, //www.tods.com/fashion/tods/XCMCP770100RJA1O80/XCMCP770100RJA1O80-01.jpg?imwidth=624, //www.tods.com/fashion/tods/XCMCP770100RJA1O80/XCMCP770100RJA1O80-01.jpg?imwidth=496, //www.tods.com/fashion/tods/XCMCP770100RJA1O80/XCMCP770100RJA1O80-01.jpg?imwidth=750, //www.tods.com/fashion/tods/XCMCP770100RJA1O80/XCMCP770100RJA1O80-01.jpg?imwidth=475",https://www.tods.com/us-en/Belt-in-Canvas-and-Leather/p/XCMCP770100RJA1O80/,Blue,men_belts.html
XCMCP770100RJA987S,Belt in Canvas and Leather,$545,men_belts,"//www.tods.com/fashion/tods/XCMCP770100RJA987S/XCMCP770100RJA987S-01.jpg?imwidth=950, //www.tods.com/fashion/tods/XCMCP770100RJA987S/XCMCP770100RJA987S-01.jpg?imwidth=820, //www.tods.com/fashion/tods/XCMCP770100RJA987S/XCMCP770100RJA987S-01.jpg?imwidth=624, //www.tods.com/fashion/tods/XCMCP770100RJA987S/XCMCP770100RJA987S-01.jpg?imwidth=496, //www.tods.com/fashion/tods/XCMCP770100RJA987S/XCMCP770100RJA987S-01.jpg?imwidth=750, //www.tods.com/fashion/tods/XCMCP770100RJA987S/XCMCP770100RJA987S-01.jpg?imwidth=475",https://www.tods.com/us-en/Belt-in-Canvas-and-Leather/p/XCMCP770100RJA987S/,Beige,men_belts.html
XCMCQT70100TDZ178L,Adjustable and Reversible Belt in Leather,$475,men_belts,"//www.tods.com/fashion/tods/XCMCQT70100TDZ178L/XCMCQT70100TDZ178L-01.jpg?imwidth=950, //www.tods.com/fashion/tods/XCMCQT70100TDZ178L/XCMCQT70100TDZ178L-01.jpg?imwidth=820, //www.tods.com/fashion/tods/XCMCQT70100TDZ178L/XCMCQT70100TDZ178L-01.jpg?imwidth=624, //www.tods.com/fashion/tods/XCMCQT70100TDZ178L/XCMCQT70100TDZ178L-01.jpg?imwidth=496, //www.tods.com/fashion/tods/XCMCQT70100TDZ178L/XCMCQT70100TDZ178L-01.jpg?imwidth=750, //www.tods.com/fashion/tods/XCMCQT70100TDZ178L/XCMCQT70100TDZ178L-01.jpg?imwidth=475",https://www.tods.com/us-en/Adjustable-and-Reversible-Belt-in-Leather/p/XCMCQT70100TDZ178L/,Blue,men_belts.html
XCMCP770100RJA6O71,Belt in Canvas and Leather,$545,men_belts,"//www.tods.com/fashion/tods/XCMCP770100RJA6O71/XCMCP770100RJA6O71-01.jpg?imwidth=950, //www.tods.com/fashion/tods/XCMCP770100RJA6O71/XCMCP770100RJA6O71-01.jpg?imwidth=820, //www.tods.com/fashion/tods/XCMCP770100RJA6O71/XCMCP770100RJA6O71-01.jpg?imwidth=624, //www.tods.com/fashion/tods/XCMCP770100RJA6O71/XCMCP770100RJA6O71-01.jpg?imwidth=496, //www.tods.com/fashion/tods/XCMCP770100RJA6O71/XCMCP770100RJA6O71-01.jpg?imwidth=750, //www.tods.com/fashion/tods/XCMCP770100RJA6O71/XCMCP770100RJA6O71-01.jpg?imwidth=475",https://www.tods.com/us-en/Belt-in-Canvas-and-Leather/p/XCMCP770100RJA6O71/,Blue,men_belts.html
XCMCQR57100TEU8O82,T Timeless Belt in Leather and Fabric,$475,men_belts,"//www.tods.com/fashion/tods/XCMCQR57100TEU8O82/XCMCQR57100TEU8O82-01.jpg?imwidth=950, //www.tods.com/fashion/tods/XCMCQR57100TEU8O82/XCMCQR57100TEU8O82-01.jpg?imwidth=820, //www.tods.com/fashion/tods/XCMCQR57100TEU8O82/XCMCQR57100TEU8O82-01.jpg?imwidth=624, //www.tods.com/fashion/tods/XCMCQR57100TEU8O82/XCMCQR57100TEU8O82-01.jpg?imwidth=496, //www.tods.com/fashion/tods/XCMCQR57100TEU8O82/XCMCQR57100TEU8O82-01.jpg?imwidth=750, //www.tods.com/fashion/tods/XCMCQR57100TEU8O82/XCMCQR57100TEU8O82-01.jpg?imwidth=475",https://www.tods.com/us-en/T-Timeless-Belt-in-Leather-and-Fabric/p/XCMCQR57100TEU8O82/,Brown,men_belts.html
XCMCQR57100TEU8O83,T Timeless Belt in Leather and Fabric,$475,men_belts,"//www.tods.com/fashion/tods/XCMCQR57100TEU8O83/XCMCQR57100TEU8O83-01.jpg?imwidth=950, //www.tods.com/fashion/tods/XCMCQR57100TEU8O83/XCMCQR57100TEU8O83-01.jpg?imwidth=820, //www.tods.com/fashion/tods/XCMCQR57100TEU8O83/XCMCQR57100TEU8O83-01.jpg?imwidth=624, //www.tods.com/fashion/tods/XCMCQR57100TEU8O83/XCMCQR57100TEU8O83-01.jpg?imwidth=496, //www.tods.com/fashion/tods/XCMCQR57100TEU8O83/XCMCQR57100TEU8O83-01.jpg?imwidth=750, //www.tods.com/fashion/tods/XCMCQR57100TEU8O83/XCMCQR57100TEU8O83-01.jpg?imwidth=475",https://www.tods.com/us-en/T-Timeless-Belt-in-Leather-and-Fabric/p/XCMCQR57100TEU8O83/,Brown,men_belts.html
X5MB3495530VDNU808,T-shirt in Jersey,$445,men_ready_to_wear,"//www.tods.com/fashion/tods/X5MB3495530VDNU808/X5MB3495530VDNU808-30.jpg?imwidth=950, //www.tods.com/fashion/tods/X5MB3495530VDNU808/X5MB3495530VDNU808-30.jpg?imwidth=820, //www.tods.com/fashion/tods/X5MB3495530VDNU808/X5MB3495530VDNU808-30.jpg?imwidth=624, //www.tods.com/fashion/tods/X5MB3495530VDNU808/X5MB3495530VDNU808-30.jpg?imwidth=496, //www.tods.com/fashion/tods/X5MB3495530VDNU808/X5MB3495530VDNU808-30.jpg?imwidth=750, //www.tods.com/fashion/tods/X5MB3495530VDNU808/X5MB3495530VDNU808-30.jpg?imwidth=475",https://www.tods.com/us-en/T-shirt-in-Jersey/p/X5MB3495530VDNU808/,BLUE,men_ready_to_wear.html
X8MC1498010WFUC414,T-shirt in Linen Knit,$825,men_ready_to_wear,"//www.tods.com/fashion/tods/X8MC1498010WFUC414/X8MC1498010WFUC414-30.jpg?imwidth=950, //www.tods.com/fashion/tods/X8MC1498010WFUC414/X8MC1498010WFUC414-30.jpg?imwidth=820, //www.tods.com/fashion/tods/X8MC1498010WFUC414/X8MC1498010WFUC414-30.jpg?imwidth=624, //www.tods.com/fashion/tods/X8MC1498010WFUC414/X8MC1498010WFUC414-30.jpg?imwidth=496, //www.tods.com/fashion/tods/X8MC1498010WFUC414/X8MC1498010WFUC414-30.jpg?imwidth=750, //www.tods.com/fashion/tods/X8MC1498010WFUC414/X8MC1498010WFUC414-30.jpg?imwidth=475",https://www.tods.com/us-en/T-shirt-in-Linen-Knit/p/X8MC1498010WFUC414/,Beige,men_ready_to_wear.html
X5MB2495500WGDU807,Polo Shirt in Piquet,$575,men_ready_to_wear,"//www.tods.com/fashion/tods/X5MB2495500WGDU807/X5MB2495500WGDU807-30.jpg?imwidth=950, //www.tods.com/fashion/tods/X5MB2495500WGDU807/X5MB2495500WGDU807-30.jpg?imwidth=820, //www.tods.com/fashion/tods/X5MB2495500WGDU807/X5MB2495500WGDU807-30.jpg?imwidth=624, //www.tods.com/fashion/tods/X5MB2495500WGDU807/X5MB2495500WGDU807-30.jpg?imwidth=496, //www.tods.com/fashion/tods/X5MB2495500WGDU807/X5MB2495500WGDU807-30.jpg?imwidth=750, //www.tods.com/fashion/tods/X5MB2495500WGDU807/X5MB2495500WGDU807-30.jpg?imwidth=475",https://www.tods.com/us-en/Polo-Shirt-in-Piquet/p/X5MB2495500WGDU807/,BLUE,men_ready_to_wear.html
X5MB2495500WGDB003,Polo Shirt in Piquet,$575,men_ready_to_wear,"//www.tods.com/fashion/tods/X5MB2495500WGDB003/X5MB2495500WGDB003-30.jpg?imwidth=950, //www.tods.com/fashion/tods/X5MB2495500WGDB003/X5MB2495500WGDB003-30.jpg?imwidth=820, //www.tods.com/fashion/tods/X5MB2495500WGDB003/X5MB2495500WGDB003-30.jpg?imwidth=624, //www.tods.com/fashion/tods/X5MB2495500WGDB003/X5MB2495500WGDB003-30.jpg?imwidth=496, //www.tods.com/fashion/tods/X5MB2495500WGDB003/X5MB2495500WGDB003-30.jpg?imwidth=750, //www.tods.com/fashion/tods/X5MB2495500WGDB003/X5MB2495500WGDB003-30.jpg?imwidth=475",https://www.tods.com/us-en/Polo-Shirt-in-Piquet/p/X5MB2495500WGDB003/,WHITE,men_ready_to_wear.html
X3M81484090WDJU805,Pants With Darts,075 Reduced price $645,men_ready_to_wear,"//www.tods.com/fashion/tods/X3M81484090WDJU805/X3M81484090WDJU805-30.jpg?imwidth=950, //www.tods.com/fashion/tods/X3M81484090WDJU805/X3M81484090WDJU805-30.jpg?imwidth=820, //www.tods.com/fashion/tods/X3M81484090WDJU805/X3M81484090WDJU805-30.jpg?imwidth=624, //www.tods.com/fashion/tods/X3M81484090WDJU805/X3M81484090WDJU805-30.jpg?imwidth=496, //www.tods.com/fashion/tods/X3M81484090WDJU805/X3M81484090WDJU805-30.jpg?imwidth=750, //www.tods.com/fashion/tods/X3M81484090WDJU805/X3M81484090WDJU805-30.jpg?imwidth=475",https://www.tods.com/us-en/Pants-With-Darts/p/X3M81484090WDJU805/,BLUE,men_ready_to_wear.html
X9MF2489020WMRU808,BLUE,$395,men_ready_to_wear,"//www.tods.com/fashion/tods/X9MF2489020WMRU808/X9MF2489020WMRU808-01.jpg?imwidth=950, //www.tods.com/fashion/tods/X9MF2489020WMRU808/X9MF2489020WMRU808-01.jpg?imwidth=820, //www.tods.com/fashion/tods/X9MF2489020WMRU808/X9MF2489020WMRU808-01.jpg?imwidth=624, //www.tods.com/fashion/tods/X9MF2489020WMRU808/X9MF2489020WMRU808-01.jpg?imwidth=496, //www.tods.com/fashion/tods/X9MF2489020WMRU808/X9MF2489020WMRU808-01.jpg?imwidth=750, //www.tods.com/fashion/tods/X9MF2489020WMRU808/X9MF2489020WMRU808-01.jpg?imwidth=475",https://www.tods.com/us-en/Scarf-in-Wool/p/X9MF2489020WMRU808/,$395,men_ready_to_wear.html
X6MA1486060WCEB001,Shirt in Linen,$495 Reduced price $297,men_ready_to_wear,"//www.tods.com/fashion/tods/X6MA1486060WCEB001/X6MA1486060WCEB001-34.jpg?imwidth=950, //www.tods.com/fashion/tods/X6MA1486060WCEB001/X6MA1486060WCEB001-34.jpg?imwidth=820, //www.tods.com/fashion/tods/X6MA1486060WCEB001/X6MA1486060WCEB001-34.jpg?imwidth=624, //www.tods.com/fashion/tods/X6MA1486060WCEB001/X6MA1486060WCEB001-34.jpg?imwidth=496, //www.tods.com/fashion/tods/X6MA1486060WCEB001/X6MA1486060WCEB001-34.jpg?imwidth=750, //www.tods.com/fashion/tods/X6MA1486060WCEB001/X6MA1486060WCEB001-34.jpg?imwidth=475",https://www.tods.com/us-en/Shirt-in-Linen/p/X6MA1486060WCEB001/,WHITE,men_ready_to_wear.html
X6MA1486060WCEU805,Shirt in Linen,$495 Reduced price $297,men_ready_to_wear,"//www.tods.com/fashion/tods/X6MA1486060WCEU805/X6MA1486060WCEU805-34.jpg?imwidth=950, //www.tods.com/fashion/tods/X6MA1486060WCEU805/X6MA1486060WCEU805-34.jpg?imwidth=820, //www.tods.com/fashion/tods/X6MA1486060WCEU805/X6MA1486060WCEU805-34.jpg?imwidth=624, //www.tods.com/fashion/tods/X6MA1486060WCEU805/X6MA1486060WCEU805-34.jpg?imwidth=496, //www.tods.com/fashion/tods/X6MA1486060WCEU805/X6MA1486060WCEU805-34.jpg?imwidth=750, //www.tods.com/fashion/tods/X6MA1486060WCEU805/X6MA1486060WCEU805-34.jpg?imwidth=475",https://www.tods.com/us-en/Shirt-in-Linen/p/X6MA1486060WCEU805/,BLUE,men_ready_to_wear.html
X1M12480060WBPB016,Hooded Blouson,365,men_ready_to_wear,"//www.tods.com/fashion/tods/X1M12480060WBPB016/X1M12480060WBPB016-34.jpg?imwidth=950, //www.tods.com/fashion/tods/X1M12480060WBPB016/X1M12480060WBPB016-34.jpg?imwidth=820, //www.tods.com/fashion/tods/X1M12480060WBPB016/X1M12480060WBPB016-34.jpg?imwidth=624, //www.tods.com/fashion/tods/X1M12480060WBPB016/X1M12480060WBPB016-34.jpg?imwidth=496, //www.tods.com/fashion/tods/X1M12480060WBPB016/X1M12480060WBPB016-34.jpg?imwidth=750, //www.tods.com/fashion/tods/X1M12480060WBPB016/X1M12480060WBPB016-34.jpg?imwidth=475",https://www.tods.com/us-en/Hooded-Blouson/p/X1M12480060WBPB016/,GREY,men_ready_to_wear.html
X3M81484090RORB002,Pants With Darts,$945 Reduced price $567,men_ready_to_wear,"//www.tods.com/fashion/tods/X3M81484090RORB002/X3M81484090RORB002-30.jpg?imwidth=950, //www.tods.com/fashion/tods/X3M81484090RORB002/X3M81484090RORB002-30.jpg?imwidth=820, //www.tods.com/fashion/tods/X3M81484090RORB002/X3M81484090RORB002-30.jpg?imwidth=624, //www.tods.com/fashion/tods/X3M81484090RORB002/X3M81484090RORB002-30.jpg?imwidth=496, //www.tods.com/fashion/tods/X3M81484090RORB002/X3M81484090RORB002-30.jpg?imwidth=750, //www.tods.com/fashion/tods/X3M81484090RORB002/X3M81484090RORB002-30.jpg?imwidth=475",https://www.tods.com/us-en/Pants-With-Darts/p/X3M81484090RORB002/,WHITE,men_ready_to_wear.html
X6MA1486080VCJB221,Zipped Shirt Jacket,$995 Reduced price $597,men_ready_to_wear,"//www.tods.com/fashion/tods/X6MA1486080VCJB221/X6MA1486080VCJB221-34.jpg?imwidth=950, //www.tods.com/fashion/tods/X6MA1486080VCJB221/X6MA1486080VCJB221-34.jpg?imwidth=820, //www.tods.com/fashion/tods/X6MA1486080VCJB221/X6MA1486080VCJB221-34.jpg?imwidth=624, //www.tods.com/fashion/tods/X6MA1486080VCJB221/X6MA1486080VCJB221-34.jpg?imwidth=496, //www.tods.com/fashion/tods/X6MA1486080VCJB221/X6MA1486080VCJB221-34.jpg?imwidth=750, //www.tods.com/fashion/tods/X6MA1486080VCJB221/X6MA1486080VCJB221-34.jpg?imwidth=475",https://www.tods.com/us-en/Zipped-Shirt-Jacket/p/X6MA1486080VCJB221/,GREY,men_ready_to_wear.html
X2M74483000WDJU805,Blazer in Cotton,525 Reduced price $915,men_ready_to_wear,"//www.tods.com/fashion/tods/X2M74483000WDJU805/X2M74483000WDJU805-34.jpg?imwidth=950, //www.tods.com/fashion/tods/X2M74483000WDJU805/X2M74483000WDJU805-34.jpg?imwidth=820, //www.tods.com/fashion/tods/X2M74483000WDJU805/X2M74483000WDJU805-34.jpg?imwidth=624, //www.tods.com/fashion/tods/X2M74483000WDJU805/X2M74483000WDJU805-34.jpg?imwidth=496, //www.tods.com/fashion/tods/X2M74483000WDJU805/X2M74483000WDJU805-34.jpg?imwidth=750, //www.tods.com/fashion/tods/X2M74483000WDJU805/X2M74483000WDJU805-34.jpg?imwidth=475",https://www.tods.com/us-en/Blazer-in-Cotton/p/X2M74483000WDJU805/,BLUE,men_ready_to_wear.html
X8MC1488200WCQS609,Polo Shirt in Knit,645 Reduced price $987,men_ready_to_wear,"//www.tods.com/fashion/tods/X8MC1488200WCQS609/X8MC1488200WCQS609-34.jpg?imwidth=950, //www.tods.com/fashion/tods/X8MC1488200WCQS609/X8MC1488200WCQS609-34.jpg?imwidth=820, //www.tods.com/fashion/tods/X8MC1488200WCQS609/X8MC1488200WCQS609-34.jpg?imwidth=624, //www.tods.com/fashion/tods/X8MC1488200WCQS609/X8MC1488200WCQS609-34.jpg?imwidth=496, //www.tods.com/fashion/tods/X8MC1488200WCQS609/X8MC1488200WCQS609-34.jpg?imwidth=750, //www.tods.com/fashion/tods/X8MC1488200WCQS609/X8MC1488200WCQS609-34.jpg?imwidth=475",https://www.tods.com/us-en/Polo-Shirt-in-Knit/p/X8MC1488200WCQS609/,BROWN,men_ready_to_wear.html
X3M80484010WBNC600,Classic Pants,125 Reduced price $675,men_ready_to_wear,"//www.tods.com/fashion/tods/X3M80484010WBNC600/X3M80484010WBNC600-30.jpg?imwidth=950, //www.tods.com/fashion/tods/X3M80484010WBNC600/X3M80484010WBNC600-30.jpg?imwidth=820, //www.tods.com/fashion/tods/X3M80484010WBNC600/X3M80484010WBNC600-30.jpg?imwidth=624, //www.tods.com/fashion/tods/X3M80484010WBNC600/X3M80484010WBNC600-30.jpg?imwidth=496, //www.tods.com/fashion/tods/X3M80484010WBNC600/X3M80484010WBNC600-30.jpg?imwidth=750, //www.tods.com/fashion/tods/X3M80484010WBNC600/X3M80484010WBNC600-30.jpg?imwidth=475",https://www.tods.com/us-en/Classic-Pants/p/X3M80484010WBNC600/,BEIGE,men_ready_to_wear.html
X2M74483000WBNC600,Blazer in Wool,065,men_ready_to_wear,"//www.tods.com/fashion/tods/X2M74483000WBNC600/X2M74483000WBNC600-34.jpg?imwidth=950, //www.tods.com/fashion/tods/X2M74483000WBNC600/X2M74483000WBNC600-34.jpg?imwidth=820, //www.tods.com/fashion/tods/X2M74483000WBNC600/X2M74483000WBNC600-34.jpg?imwidth=624, //www.tods.com/fashion/tods/X2M74483000WBNC600/X2M74483000WBNC600-34.jpg?imwidth=496, //www.tods.com/fashion/tods/X2M74483000WBNC600/X2M74483000WBNC600-34.jpg?imwidth=750, //www.tods.com/fashion/tods/X2M74483000WBNC600/X2M74483000WBNC600-34.jpg?imwidth=475",https://www.tods.com/us-en/Blazer-in-Wool/p/X2M74483000WBNC600/,BEIGE,men_ready_to_wear.html
X6MA2486030VQDC605,Shirt in Leather,655,men_ready_to_wear,"//www.tods.com/fashion/tods/X6MA2486030VQDC605/X6MA2486030VQDC605-34.jpg?imwidth=950, //www.tods.com/fashion/tods/X6MA2486030VQDC605/X6MA2486030VQDC605-34.jpg?imwidth=820, //www.tods.com/fashion/tods/X6MA2486030VQDC605/X6MA2486030VQDC605-34.jpg?imwidth=624, //www.tods.com/fashion/tods/X6MA2486030VQDC605/X6MA2486030VQDC605-34.jpg?imwidth=496, //www.tods.com/fashion/tods/X6MA2486030VQDC605/X6MA2486030VQDC605-34.jpg?imwidth=750, //www.tods.com/fashion/tods/X6MA2486030VQDC605/X6MA2486030VQDC605-34.jpg?imwidth=475",https://www.tods.com/us-en/Shirt-in-Leather/p/X6MA2486030VQDC605/,BROWN,men_ready_to_wear.html
X3M80484010WBNB409,Classic Pants,125 Reduced price $675,men_ready_to_wear,"//www.tods.com/fashion/tods/X3M80484010WBNB409/X3M80484010WBNB409-30.jpg?imwidth=950, //www.tods.com/fashion/tods/X3M80484010WBNB409/X3M80484010WBNB409-30.jpg?imwidth=820, //www.tods.com/fashion/tods/X3M80484010WBNB409/X3M80484010WBNB409-30.jpg?imwidth=624, //www.tods.com/fashion/tods/X3M80484010WBNB409/X3M80484010WBNB409-30.jpg?imwidth=496, //www.tods.com/fashion/tods/X3M80484010WBNB409/X3M80484010WBNB409-30.jpg?imwidth=750, //www.tods.com/fashion/tods/X3M80484010WBNB409/X3M80484010WBNB409-30.jpg?imwidth=475",https://www.tods.com/us-en/Classic-Pants/p/X3M80484010WBNB409/,GREY,men_ready_to_wear.html
X6MA1486080VCJC007,Zipped Shirt Jacket,$995 Reduced price $597,men_ready_to_wear,"//www.tods.com/fashion/tods/X6MA1486080VCJC007/X6MA1486080VCJC007-34.jpg?imwidth=950, //www.tods.com/fashion/tods/X6MA1486080VCJC007/X6MA1486080VCJC007-34.jpg?imwidth=820, //www.tods.com/fashion/tods/X6MA1486080VCJC007/X6MA1486080VCJC007-34.jpg?imwidth=624, //www.tods.com/fashion/tods/X6MA1486080VCJC007/X6MA1486080VCJC007-34.jpg?imwidth=496, //www.tods.com/fashion/tods/X6MA1486080VCJC007/X6MA1486080VCJC007-34.jpg?imwidth=750, //www.tods.com/fashion/tods/X6MA1486080VCJC007/X6MA1486080VCJC007-34.jpg?imwidth=475",https://www.tods.com/us-en/Zipped-Shirt-Jacket/p/X6MA1486080VCJC007/,BEIGE,men_ready_to_wear.html
X1M11480110VYOB016,Bomber Jacket in Leather,205,men_ready_to_wear,"//www.tods.com/fashion/tods/X1M11480110VYOB016/X1M11480110VYOB016-34.jpg?imwidth=950, //www.tods.com/fashion/tods/X1M11480110VYOB016/X1M11480110VYOB016-34.jpg?imwidth=820, //www.tods.com/fashion/tods/X1M11480110VYOB016/X1M11480110VYOB016-34.jpg?imwidth=624, //www.tods.com/fashion/tods/X1M11480110VYOB016/X1M11480110VYOB016-34.jpg?imwidth=496, //www.tods.com/fashion/tods/X1M11480110VYOB016/X1M11480110VYOB016-34.jpg?imwidth=750, //www.tods.com/fashion/tods/X1M11480110VYOB016/X1M11480110VYOB016-34.jpg?imwidth=475",https://www.tods.com/us-en/Bomber-Jacket-in-Leather/p/X1M11480110VYOB016/,Brown,men_ready_to_wear.html
X3M81474040UGDS800,Pants with Darts,$745 Reduced price $447,men_ready_to_wear,"//www.tods.com/fashion/tods/X3M81474040UGDS800/X3M81474040UGDS800-30.jpg?imwidth=950, //www.tods.com/fashion/tods/X3M81474040UGDS800/X3M81474040UGDS800-30.jpg?imwidth=820, //www.tods.com/fashion/tods/X3M81474040UGDS800/X3M81474040UGDS800-30.jpg?imwidth=624, //www.tods.com/fashion/tods/X3M81474040UGDS800/X3M81474040UGDS800-30.jpg?imwidth=496, //www.tods.com/fashion/tods/X3M81474040UGDS800/X3M81474040UGDS800-30.jpg?imwidth=750, //www.tods.com/fashion/tods/X3M81474040UGDS800/X3M81474040UGDS800-30.jpg?imwidth=475",https://www.tods.com/us-en/Pants-with-Darts/p/X3M81474040UGDS800/,BROWN,men_ready_to_wear.html
X5MB3495530VDNC407,T-shirt in Jersey,$445,men_ready_to_wear,"//www.tods.com/fashion/tods/X5MB3495530VDNC407/X5MB3495530VDNC407-30.jpg?imwidth=950, //www.tods.com/fashion/tods/X5MB3495530VDNC407/X5MB3495530VDNC407-30.jpg?imwidth=820, //www.tods.com/fashion/tods/X5MB3495530VDNC407/X5MB3495530VDNC407-30.jpg?imwidth=624, //www.tods.com/fashion/tods/X5MB3495530VDNC407/X5MB3495530VDNC407-30.jpg?imwidth=496, //www.tods.com/fashion/tods/X5MB3495530VDNC407/X5MB3495530VDNC407-30.jpg?imwidth=750, //www.tods.com/fashion/tods/X5MB3495530VDNC407/X5MB3495530VDNC407-30.jpg?imwidth=475",https://www.tods.com/us-en/T-shirt-in-Jersey/p/X5MB3495530VDNC407/,GREEN,men_ready_to_wear.html
X5MB3495530VDNB001,T-shirt in Jersey,$445,men_ready_to_wear,"//www.tods.com/fashion/tods/X5MB3495530VDNB001/X5MB3495530VDNB001-30.jpg?imwidth=950, //www.tods.com/fashion/tods/X5MB3495530VDNB001/X5MB3495530VDNB001-30.jpg?imwidth=820, //www.tods.com/fashion/tods/X5MB3495530VDNB001/X5MB3495530VDNB001-30.jpg?imwidth=624, //www.tods.com/fashion/tods/X5MB3495530VDNB001/X5MB3495530VDNB001-30.jpg?imwidth=496, //www.tods.com/fashion/tods/X5MB3495530VDNB001/X5MB3495530VDNB001-30.jpg?imwidth=750, //www.tods.com/fashion/tods/X5MB3495530VDNB001/X5MB3495530VDNB001-30.jpg?imwidth=475",https://www.tods.com/us-en/T-shirt-in-Jersey/p/X5MB3495530VDNB001/,WHITE,men_ready_to_wear.html
X3M81474040UGDB013,Pants with Darts,$745 Reduced price $447,men_ready_to_wear,"//www.tods.com/fashion/tods/X3M81474040UGDB013/X3M81474040UGDB013-30.jpg?imwidth=950, //www.tods.com/fashion/tods/X3M81474040UGDB013/X3M81474040UGDB013-30.jpg?imwidth=820, //www.tods.com/fashion/tods/X3M81474040UGDB013/X3M81474040UGDB013-30.jpg?imwidth=624, //www.tods.com/fashion/tods/X3M81474040UGDB013/X3M81474040UGDB013-30.jpg?imwidth=496, //www.tods.com/fashion/tods/X3M81474040UGDB013/X3M81474040UGDB013-30.jpg?imwidth=750, //www.tods.com/fashion/tods/X3M81474040UGDB013/X3M81474040UGDB013-30.jpg?imwidth=475",https://www.tods.com/us-en/Pants-with-Darts/p/X3M81474040UGDB013/,WHITE,men_ready_to_wear.html
X8MC1488110QWXB018,Round-neck Pullover,Check in store availability,men_ready_to_wear,"//www.tods.com/fashion/tods/X8MC1488110QWXB018/X8MC1488110QWXB018-34.jpg?imwidth=950, //www.tods.com/fashion/tods/X8MC1488110QWXB018/X8MC1488110QWXB018-34.jpg?imwidth=820, //www.tods.com/fashion/tods/X8MC1488110QWXB018/X8MC1488110QWXB018-34.jpg?imwidth=624, //www.tods.com/fashion/tods/X8MC1488110QWXB018/X8MC1488110QWXB018-34.jpg?imwidth=496, //www.tods.com/fashion/tods/X8MC1488110QWXB018/X8MC1488110QWXB018-34.jpg?imwidth=750, //www.tods.com/fashion/tods/X8MC1488110QWXB018/X8MC1488110QWXB018-34.jpg?imwidth=475",https://www.tods.com/us-en/Round-neck-Pullover/p/X8MC1488110QWXB018/,WHITE,men_ready_to_wear.html
X3M81484090RORS802,Pants With Darts,$945 Reduced price $567,men_ready_to_wear,"//www.tods.com/fashion/tods/X3M81484090RORS802/X3M81484090RORS802-30.jpg?imwidth=950, //www.tods.com/fashion/tods/X3M81484090RORS802/X3M81484090RORS802-30.jpg?imwidth=820, //www.tods.com/fashion/tods/X3M81484090RORS802/X3M81484090RORS802-30.jpg?imwidth=624, //www.tods.com/fashion/tods/X3M81484090RORS802/X3M81484090RORS802-30.jpg?imwidth=496, //www.tods.com/fashion/tods/X3M81484090RORS802/X3M81484090RORS802-30.jpg?imwidth=750, //www.tods.com/fashion/tods/X3M81484090RORS802/X3M81484090RORS802-30.jpg?imwidth=475",https://www.tods.com/us-en/Pants-With-Darts/p/X3M81484090RORS802/,BROWN,men_ready_to_wear.html
X8MC1488260WDZB002,Polo Shirt in Wool Knit,$875,men_ready_to_wear,"//www.tods.com/fashion/tods/X8MC1488260WDZB002/X8MC1488260WDZB002-30.jpg?imwidth=950, //www.tods.com/fashion/tods/X8MC1488260WDZB002/X8MC1488260WDZB002-30.jpg?imwidth=820, //www.tods.com/fashion/tods/X8MC1488260WDZB002/X8MC1488260WDZB002-30.jpg?imwidth=624, //www.tods.com/fashion/tods/X8MC1488260WDZB002/X8MC1488260WDZB002-30.jpg?imwidth=496, //www.tods.com/fashion/tods/X8MC1488260WDZB002/X8MC1488260WDZB002-30.jpg?imwidth=750, //www.tods.com/fashion/tods/X8MC1488260WDZB002/X8MC1488260WDZB002-30.jpg?imwidth=475",https://www.tods.com/us-en/Polo-Shirt-in-Wool-Knit/p/X8MC1488260WDZB002/,GREY,men_ready_to_wear.html
X8MC1488260WDZU805,Polo Shirt in Wool Knit,$875,men_ready_to_wear,"//www.tods.com/fashion/tods/X8MC1488260WDZU805/X8MC1488260WDZU805-34.jpg?imwidth=950, //www.tods.com/fashion/tods/X8MC1488260WDZU805/X8MC1488260WDZU805-34.jpg?imwidth=820, //www.tods.com/fashion/tods/X8MC1488260WDZU805/X8MC1488260WDZU805-34.jpg?imwidth=624, //www.tods.com/fashion/tods/X8MC1488260WDZU805/X8MC1488260WDZU805-34.jpg?imwidth=496, //www.tods.com/fashion/tods/X8MC1488260WDZU805/X8MC1488260WDZU805-34.jpg?imwidth=750, //www.tods.com/fashion/tods/X8MC1488260WDZU805/X8MC1488260WDZU805-34.jpg?imwidth=475",https://www.tods.com/us-en/Polo-Shirt-in-Wool-Knit/p/X8MC1488260WDZU805/,BLUE,men_ready_to_wear.html
X5MB3485530VDNB001,T-shirt in Jersey,$345,men_ready_to_wear,"//www.tods.com/fashion/tods/X5MB3485530VDNB001/X5MB3485530VDNB001-34.jpg?imwidth=950, //www.tods.com/fashion/tods/X5MB3485530VDNB001/X5MB3485530VDNB001-34.jpg?imwidth=820, //www.tods.com/fashion/tods/X5MB3485530VDNB001/X5MB3485530VDNB001-34.jpg?imwidth=624, //www.tods.com/fashion/tods/X5MB3485530VDNB001/X5MB3485530VDNB001-34.jpg?imwidth=496, //www.tods.com/fashion/tods/X5MB3485530VDNB001/X5MB3485530VDNB001-34.jpg?imwidth=750, //www.tods.com/fashion/tods/X5MB3485530VDNB001/X5MB3485530VDNB001-34.jpg?imwidth=475",https://www.tods.com/us-en/T-shirt-in-Jersey/p/X5MB3485530VDNB001/,WHITE,men_ready_to_wear.html
X5MB3475530VDNU801,Round Neck T-Shirt,$345,men_ready_to_wear,"//www.tods.com/fashion/tods/X5MB3475530VDNU801/X5MB3475530VDNU801-34.jpg?imwidth=950, //www.tods.com/fashion/tods/X5MB3475530VDNU801/X5MB3475530VDNU801-34.jpg?imwidth=820, //www.tods.com/fashion/tods/X5MB3475530VDNU801/X5MB3475530VDNU801-34.jpg?imwidth=624, //www.tods.com/fashion/tods/X5MB3475530VDNU801/X5MB3475530VDNU801-34.jpg?imwidth=496, //www.tods.com/fashion/tods/X5MB3475530VDNU801/X5MB3475530VDNU801-34.jpg?imwidth=750, //www.tods.com/fashion/tods/X5MB3475530VDNU801/X5MB3475530VDNU801-34.jpg?imwidth=475",https://www.tods.com/us-en/Round-Neck-T-Shirt/p/X5MB3475530VDNU801/,BLUE,men_ready_to_wear.html
X5MB3475530VDNB001,Round Neck T-Shirt,$345,men_ready_to_wear,"//www.tods.com/fashion/tods/X5MB3475530VDNB001/X5MB3475530VDNB001-34.jpg?imwidth=950, //www.tods.com/fashion/tods/X5MB3475530VDNB001/X5MB3475530VDNB001-34.jpg?imwidth=820, //www.tods.com/fashion/tods/X5MB3475530VDNB001/X5MB3475530VDNB001-34.jpg?imwidth=624, //www.tods.com/fashion/tods/X5MB3475530VDNB001/X5MB3475530VDNB001-34.jpg?imwidth=496, //www.tods.com/fashion/tods/X5MB3475530VDNB001/X5MB3475530VDNB001-34.jpg?imwidth=750, //www.tods.com/fashion/tods/X5MB3475530VDNB001/X5MB3475530VDNB001-34.jpg?imwidth=475",https://www.tods.com/us-en/Round-Neck-T-Shirt/p/X5MB3475530VDNB001/,WHITE,men_ready_to_wear.html
X1M12470310VQOG833,Windbreaker,245 Reduced price $747,men_ready_to_wear,"//www.tods.com/fashion/tods/X1M12470310VQOG833/X1M12470310VQOG833-34.jpg?imwidth=950, //www.tods.com/fashion/tods/X1M12470310VQOG833/X1M12470310VQOG833-34.jpg?imwidth=820, //www.tods.com/fashion/tods/X1M12470310VQOG833/X1M12470310VQOG833-34.jpg?imwidth=624, //www.tods.com/fashion/tods/X1M12470310VQOG833/X1M12470310VQOG833-34.jpg?imwidth=496, //www.tods.com/fashion/tods/X1M12470310VQOG833/X1M12470310VQOG833-34.jpg?imwidth=750, //www.tods.com/fashion/tods/X1M12470310VQOG833/X1M12470310VQOG833-34.jpg?imwidth=475",https://www.tods.com/us-en/Windbreaker/p/X1M12470310VQOG833/,ORANGE,men_ready_to_wear.html
X1M12470310VQOU801,Windbreaker,245,men_ready_to_wear,"//www.tods.com/fashion/tods/X1M12470310VQOU801/X1M12470310VQOU801-34.jpg?imwidth=950, //www.tods.com/fashion/tods/X1M12470310VQOU801/X1M12470310VQOU801-34.jpg?imwidth=820, //www.tods.com/fashion/tods/X1M12470310VQOU801/X1M12470310VQOU801-34.jpg?imwidth=624, //www.tods.com/fashion/tods/X1M12470310VQOU801/X1M12470310VQOU801-34.jpg?imwidth=496, //www.tods.com/fashion/tods/X1M12470310VQOU801/X1M12470310VQOU801-34.jpg?imwidth=750, //www.tods.com/fashion/tods/X1M12470310VQOU801/X1M12470310VQOU801-34.jpg?imwidth=475",https://www.tods.com/us-en/Windbreaker/p/X1M12470310VQOU801/,BLUE,men_ready_to_wear.html
X1M11470500VPXB800,GREY,395,men_ready_to_wear,"//www.tods.com/fashion/tods/X1M11470500VPXB800/X1M11470500VPXB800-34.jpg?imwidth=950, //www.tods.com/fashion/tods/X1M11470500VPXB800/X1M11470500VPXB800-34.jpg?imwidth=820, //www.tods.com/fashion/tods/X1M11470500VPXB800/X1M11470500VPXB800-34.jpg?imwidth=624, //www.tods.com/fashion/tods/X1M11470500VPXB800/X1M11470500VPXB800-34.jpg?imwidth=496, //www.tods.com/fashion/tods/X1M11470500VPXB800/X1M11470500VPXB800-34.jpg?imwidth=750, //www.tods.com/fashion/tods/X1M11470500VPXB800/X1M11470500VPXB800-34.jpg?imwidth=475",https://www.tods.com/us-en/Aviator-Bomber-Jacket-in-Wool/p/X1M11470500VPXB800/,$4,men_ready_to_wear.html
X1M11470250SKJB210,Bomber Jacket in Suede,395,men_ready_to_wear,"//www.tods.com/fashion/tods/X1M11470250SKJB210/X1M11470250SKJB210-34.jpg?imwidth=950, //www.tods.com/fashion/tods/X1M11470250SKJB210/X1M11470250SKJB210-34.jpg?imwidth=820, //www.tods.com/fashion/tods/X1M11470250SKJB210/X1M11470250SKJB210-34.jpg?imwidth=624, //www.tods.com/fashion/tods/X1M11470250SKJB210/X1M11470250SKJB210-34.jpg?imwidth=496, //www.tods.com/fashion/tods/X1M11470250SKJB210/X1M11470250SKJB210-34.jpg?imwidth=750, //www.tods.com/fashion/tods/X1M11470250SKJB210/X1M11470250SKJB210-34.jpg?imwidth=475",https://www.tods.com/us-en/Bomber-Jacket-in-Suede/p/X1M11470250SKJB210/,GREY,men_ready_to_wear.html
X1M11470440GGOC407,Bomber Jacket in Suede,275,men_ready_to_wear,"//www.tods.com/fashion/tods/X1M11470440GGOC407/X1M11470440GGOC407-34.jpg?imwidth=950, //www.tods.com/fashion/tods/X1M11470440GGOC407/X1M11470440GGOC407-34.jpg?imwidth=820, //www.tods.com/fashion/tods/X1M11470440GGOC407/X1M11470440GGOC407-34.jpg?imwidth=624, //www.tods.com/fashion/tods/X1M11470440GGOC407/X1M11470440GGOC407-34.jpg?imwidth=496, //www.tods.com/fashion/tods/X1M11470440GGOC407/X1M11470440GGOC407-34.jpg?imwidth=750, //www.tods.com/fashion/tods/X1M11470440GGOC407/X1M11470440GGOC407-34.jpg?imwidth=475",https://www.tods.com/us-en/Bomber-Jacket-in-Suede/p/X1M11470440GGOC407/,BROWN,men_ready_to_wear.html
X1M12480140VCOC003,Bi-material Over Jacket,205,men_ready_to_wear,"//www.tods.com/fashion/tods/X1M12480140VCOC003/X1M12480140VCOC003-34.jpg?imwidth=950, //www.tods.com/fashion/tods/X1M12480140VCOC003/X1M12480140VCOC003-34.jpg?imwidth=820, //www.tods.com/fashion/tods/X1M12480140VCOC003/X1M12480140VCOC003-34.jpg?imwidth=624, //www.tods.com/fashion/tods/X1M12480140VCOC003/X1M12480140VCOC003-34.jpg?imwidth=496, //www.tods.com/fashion/tods/X1M12480140VCOC003/X1M12480140VCOC003-34.jpg?imwidth=750, //www.tods.com/fashion/tods/X1M12480140VCOC003/X1M12480140VCOC003-34.jpg?imwidth=475",https://www.tods.com/us-en/Bi-material-Over-Jacket/p/X1M12480140VCOC003/,BEIGE,men_ready_to_wear.html
XCWCRH00200RORC404,Utility Belt in Leather,045 Reduced price $627,women_belts,"//www.tods.com/fashion/tods/XCWCRH00200RORC404/XCWCRH00200RORC404-01.jpg?imwidth=950, //www.tods.com/fashion/tods/XCWCRH00200RORC404/XCWCRH00200RORC404-01.jpg?imwidth=820, //www.tods.com/fashion/tods/XCWCRH00200RORC404/XCWCRH00200RORC404-01.jpg?imwidth=624, //www.tods.com/fashion/tods/XCWCRH00200RORC404/XCWCRH00200RORC404-01.jpg?imwidth=496, //www.tods.com/fashion/tods/XCWCRH00200RORC404/XCWCRH00200RORC404-01.jpg?imwidth=750, //www.tods.com/fashion/tods/XCWCRH00200RORC404/XCWCRH00200RORC404-01.jpg?imwidth=475",https://www.tods.com/us-en/Utility-Belt-in-Leather/p/XCWCRH00200RORC404/,BEIGE,women_belts.html
XCWTSC20100RORC404,T Timeless Belt in Leather,$645,women_belts,"//www.tods.com/fashion/tods/XCWTSC20100RORC404/XCWTSC20100RORC404-01.jpg?imwidth=950, //www.tods.com/fashion/tods/XCWTSC20100RORC404/XCWTSC20100RORC404-01.jpg?imwidth=820, //www.tods.com/fashion/tods/XCWTSC20100RORC404/XCWTSC20100RORC404-01.jpg?imwidth=624, //www.tods.com/fashion/tods/XCWTSC20100RORC404/XCWTSC20100RORC404-01.jpg?imwidth=496, //www.tods.com/fashion/tods/XCWTSC20100RORC404/XCWTSC20100RORC404-01.jpg?imwidth=750, //www.tods.com/fashion/tods/XCWTSC20100RORC404/XCWTSC20100RORC404-01.jpg?imwidth=475",https://www.tods.com/us-en/T-Timeless-Belt-in-Leather/p/XCWTSC20100RORC404/,BEIGE,women_belts.html
XCWTSC20100RORS410,T Timeless Belt in Leather,$645,women_belts,"//www.tods.com/fashion/tods/XCWTSC20100RORS410/XCWTSC20100RORS410-01.jpg?imwidth=950, //www.tods.com/fashion/tods/XCWTSC20100RORS410/XCWTSC20100RORS410-01.jpg?imwidth=820, //www.tods.com/fashion/tods/XCWTSC20100RORS410/XCWTSC20100RORS410-01.jpg?imwidth=624, //www.tods.com/fashion/tods/XCWTSC20100RORS410/XCWTSC20100RORS410-01.jpg?imwidth=496, //www.tods.com/fashion/tods/XCWTSC20100RORS410/XCWTSC20100RORS410-01.jpg?imwidth=750, //www.tods.com/fashion/tods/XCWTSC20100RORS410/XCWTSC20100RORS410-01.jpg?imwidth=475",https://www.tods.com/us-en/T-Timeless-Belt-in-Leather/p/XCWTSC20100RORS410/,BROWN,women_belts.html
XCWTSC20100RORB999,T Timeless Belt in Leather,$645,women_belts,"//www.tods.com/fashion/tods/XCWTSC20100RORB999/XCWTSC20100RORB999-01.jpg?imwidth=950, //www.tods.com/fashion/tods/XCWTSC20100RORB999/XCWTSC20100RORB999-01.jpg?imwidth=820, //www.tods.com/fashion/tods/XCWTSC20100RORB999/XCWTSC20100RORB999-01.jpg?imwidth=624, //www.tods.com/fashion/tods/XCWTSC20100RORB999/XCWTSC20100RORB999-01.jpg?imwidth=496, //www.tods.com/fashion/tods/XCWTSC20100RORB999/XCWTSC20100RORB999-01.jpg?imwidth=750, //www.tods.com/fashion/tods/XCWTSC20100RORB999/XCWTSC20100RORB999-01.jpg?imwidth=475",https://www.tods.com/us-en/T-Timeless-Belt-in-Leather/p/XCWTSC20100RORB999/,BLACK,women_belts.html
XCWTSB30100RBR1Q99,T Timeless Reversible Belt in Leather,$495,women_belts,"//www.tods.com/fashion/tods/XCWTSB30100RBR1Q99/XCWTSB30100RBR1Q99-01.jpg?imwidth=950, //www.tods.com/fashion/tods/XCWTSB30100RBR1Q99/XCWTSB30100RBR1Q99-01.jpg?imwidth=820, //www.tods.com/fashion/tods/XCWTSB30100RBR1Q99/XCWTSB30100RBR1Q99-01.jpg?imwidth=624, //www.tods.com/fashion/tods/XCWTSB30100RBR1Q99/XCWTSB30100RBR1Q99-01.jpg?imwidth=496, //www.tods.com/fashion/tods/XCWTSB30100RBR1Q99/XCWTSB30100RBR1Q99-01.jpg?imwidth=750, //www.tods.com/fashion/tods/XCWTSB30100RBR1Q99/XCWTSB30100RBR1Q99-01.jpg?imwidth=475",https://www.tods.com/us-en/T-Timeless-Reversible-Belt-in-Leather/p/XCWTSB30100RBR1Q99/,Off White,women_belts.html
XCWTSB30100RBR6O77,T Timeless Reversible Belt in Leather,$495,women_belts,"//www.tods.com/fashion/tods/XCWTSB30100RBR6O77/XCWTSB30100RBR6O77-01.jpg?imwidth=950, //www.tods.com/fashion/tods/XCWTSB30100RBR6O77/XCWTSB30100RBR6O77-01.jpg?imwidth=820, //www.tods.com/fashion/tods/XCWTSB30100RBR6O77/XCWTSB30100RBR6O77-01.jpg?imwidth=624, //www.tods.com/fashion/tods/XCWTSB30100RBR6O77/XCWTSB30100RBR6O77-01.jpg?imwidth=496, //www.tods.com/fashion/tods/XCWTSB30100RBR6O77/XCWTSB30100RBR6O77-01.jpg?imwidth=750, //www.tods.com/fashion/tods/XCWTSB30100RBR6O77/XCWTSB30100RBR6O77-01.jpg?imwidth=475",https://www.tods.com/us-en/T-Timeless-Reversible-Belt-in-Leather/p/XCWTSB30100RBR6O77/,Black,women_belts.html
XCWTSB10100RBR8O72,T Timeless Reversible Belt in Leather,$525,women_belts,"//www.tods.com/fashion/tods/XCWTSB10100RBR8O72/XCWTSB10100RBR8O72-01.jpg?imwidth=950, //www.tods.com/fashion/tods/XCWTSB10100RBR8O72/XCWTSB10100RBR8O72-01.jpg?imwidth=820, //www.tods.com/fashion/tods/XCWTSB10100RBR8O72/XCWTSB10100RBR8O72-01.jpg?imwidth=624, //www.tods.com/fashion/tods/XCWTSB10100RBR8O72/XCWTSB10100RBR8O72-01.jpg?imwidth=496, //www.tods.com/fashion/tods/XCWTSB10100RBR8O72/XCWTSB10100RBR8O72-01.jpg?imwidth=750, //www.tods.com/fashion/tods/XCWTSB10100RBR8O72/XCWTSB10100RBR8O72-01.jpg?imwidth=475",https://www.tods.com/us-en/T-Timeless-Reversible-Belt-in-Leather/p/XCWTSB10100RBR8O72/,Brown,women_belts.html
XCWTSB10100RBR8O71,T Timeless Reversible Belt in Leather,$525 Reduced price $315,women_belts,"//www.tods.com/fashion/tods/XCWTSB10100RBR8O71/XCWTSB10100RBR8O71-01.jpg?imwidth=950, //www.tods.com/fashion/tods/XCWTSB10100RBR8O71/XCWTSB10100RBR8O71-01.jpg?imwidth=820, //www.tods.com/fashion/tods/XCWTSB10100RBR8O71/XCWTSB10100RBR8O71-01.jpg?imwidth=624, //www.tods.com/fashion/tods/XCWTSB10100RBR8O71/XCWTSB10100RBR8O71-01.jpg?imwidth=496, //www.tods.com/fashion/tods/XCWTSB10100RBR8O71/XCWTSB10100RBR8O71-01.jpg?imwidth=750, //www.tods.com/fashion/tods/XCWTSB10100RBR8O71/XCWTSB10100RBR8O71-01.jpg?imwidth=475",https://www.tods.com/us-en/T-Timeless-Reversible-Belt-in-Leather/p/XCWTSB10100RBR8O71/,PINK,women_belts.html
XCWTSB10100KET7O26,T Timeless Reversible Belt in Leather,$525,women_belts,"//www.tods.com/fashion/tods/XCWTSB10100KET7O26/XCWTSB10100KET7O26-01.jpg?imwidth=950, //www.tods.com/fashion/tods/XCWTSB10100KET7O26/XCWTSB10100KET7O26-01.jpg?imwidth=820, //www.tods.com/fashion/tods/XCWTSB10100KET7O26/XCWTSB10100KET7O26-01.jpg?imwidth=624, //www.tods.com/fashion/tods/XCWTSB10100KET7O26/XCWTSB10100KET7O26-01.jpg?imwidth=496, //www.tods.com/fashion/tods/XCWTSB10100KET7O26/XCWTSB10100KET7O26-01.jpg?imwidth=750, //www.tods.com/fashion/tods/XCWTSB10100KET7O26/XCWTSB10100KET7O26-01.jpg?imwidth=475",https://www.tods.com/us-en/T-Timeless-Reversible-Belt-in-Leather/p/XCWTSB10100KET7O26/,Grey,women_belts.html
XCWTSB10100RBR265T,T Timeless Reversible Belt in Leather,$525,women_belts,"//www.tods.com/fashion/tods/XCWTSB10100RBR265T/XCWTSB10100RBR265T-01.jpg?imwidth=950, //www.tods.com/fashion/tods/XCWTSB10100RBR265T/XCWTSB10100RBR265T-01.jpg?imwidth=820, //www.tods.com/fashion/tods/XCWTSB10100RBR265T/XCWTSB10100RBR265T-01.jpg?imwidth=624, //www.tods.com/fashion/tods/XCWTSB10100RBR265T/XCWTSB10100RBR265T-01.jpg?imwidth=496, //www.tods.com/fashion/tods/XCWTSB10100RBR265T/XCWTSB10100RBR265T-01.jpg?imwidth=750, //www.tods.com/fashion/tods/XCWTSB10100RBR265T/XCWTSB10100RBR265T-01.jpg?imwidth=475",https://www.tods.com/us-en/T-Timeless-Reversible-Belt-in-Leather/p/XCWTSB10100RBR265T/,Brown,women_belts.html
XCWTSB10100RBR6O77,T Timeless Reversible Belt in Leather,$525,women_belts,"//www.tods.com/fashion/tods/XCWTSB10100RBR6O77/XCWTSB10100RBR6O77-01.jpg?imwidth=950, //www.tods.com/fashion/tods/XCWTSB10100RBR6O77/XCWTSB10100RBR6O77-01.jpg?imwidth=820, //www.tods.com/fashion/tods/XCWTSB10100RBR6O77/XCWTSB10100RBR6O77-01.jpg?imwidth=624, //www.tods.com/fashion/tods/XCWTSB10100RBR6O77/XCWTSB10100RBR6O77-01.jpg?imwidth=496, //www.tods.com/fashion/tods/XCWTSB10100RBR6O77/XCWTSB10100RBR6O77-01.jpg?imwidth=750, //www.tods.com/fashion/tods/XCWTSB10100RBR6O77/XCWTSB10100RBR6O77-01.jpg?imwidth=475",https://www.tods.com/us-en/T-Timeless-Reversible-Belt-in-Leather/p/XCWTSB10100RBR6O77/,Red,women_belts.html
XCWTSB00100P6YB015,T Timeless Reversible Belt in Leather,$495,women_belts,"//www.tods.com/fashion/tods/XCWTSB00100P6YB015/XCWTSB00100P6YB015-01.jpg?imwidth=950, //www.tods.com/fashion/tods/XCWTSB00100P6YB015/XCWTSB00100P6YB015-01.jpg?imwidth=820, //www.tods.com/fashion/tods/XCWTSB00100P6YB015/XCWTSB00100P6YB015-01.jpg?imwidth=624, //www.tods.com/fashion/tods/XCWTSB00100P6YB015/XCWTSB00100P6YB015-01.jpg?imwidth=496, //www.tods.com/fashion/tods/XCWTSB00100P6YB015/XCWTSB00100P6YB015-01.jpg?imwidth=750, //www.tods.com/fashion/tods/XCWTSB00100P6YB015/XCWTSB00100P6YB015-01.jpg?imwidth=475",https://www.tods.com/us-en/T-Timeless-Reversible-Belt-in-Leather/p/XCWTSB00100P6YB015/,WHITE,women_belts.html
XCWAOY00100RORB999,BLACK,$545,women_belts,"//www.tods.com/fashion/tods/XCWAOY00100RORB999/XCWAOY00100RORB999-01.jpg?imwidth=950, //www.tods.com/fashion/tods/XCWAOY00100RORB999/XCWAOY00100RORB999-01.jpg?imwidth=820, //www.tods.com/fashion/tods/XCWAOY00100RORB999/XCWAOY00100RORB999-01.jpg?imwidth=624, //www.tods.com/fashion/tods/XCWAOY00100RORB999/XCWAOY00100RORB999-01.jpg?imwidth=496, //www.tods.com/fashion/tods/XCWAOY00100RORB999/XCWAOY00100RORB999-01.jpg?imwidth=750, //www.tods.com/fashion/tods/XCWAOY00100RORB999/XCWAOY00100RORB999-01.jpg?imwidth=475",https://www.tods.com/us-en/Kate-Reversible-Belt-in-Leather/p/XCWAOY00100RORB999/,$545,women_belts.html
XCWAOY10100RORB999,BLACK,Check in store availability,women_belts,"//www.tods.com/fashion/tods/XCWAOY10100RORB999/XCWAOY10100RORB999-01.jpg?imwidth=950, //www.tods.com/fashion/tods/XCWAOY10100RORB999/XCWAOY10100RORB999-01.jpg?imwidth=820, //www.tods.com/fashion/tods/XCWAOY10100RORB999/XCWAOY10100RORB999-01.jpg?imwidth=624, //www.tods.com/fashion/tods/XCWAOY10100RORB999/XCWAOY10100RORB999-01.jpg?imwidth=496, //www.tods.com/fashion/tods/XCWAOY10100RORB999/XCWAOY10100RORB999-01.jpg?imwidth=750, //www.tods.com/fashion/tods/XCWAOY10100RORB999/XCWAOY10100RORB999-01.jpg?imwidth=475",https://www.tods.com/us-en/Kate-Belt-in-Leather/p/XCWAOY10100RORB999/,$625,women_belts.html
XCWTSC10100RORB015,T Timeless Belt in Leather,$445 Reduced price $267,women_belts,"//www.tods.com/fashion/tods/XCWTSC10100RORB015/XCWTSC10100RORB015-01.jpg?imwidth=950, //www.tods.com/fashion/tods/XCWTSC10100RORB015/XCWTSC10100RORB015-01.jpg?imwidth=820, //www.tods.com/fashion/tods/XCWTSC10100RORB015/XCWTSC10100RORB015-01.jpg?imwidth=624, //www.tods.com/fashion/tods/XCWTSC10100RORB015/XCWTSC10100RORB015-01.jpg?imwidth=496, //www.tods.com/fashion/tods/XCWTSC10100RORB015/XCWTSC10100RORB015-01.jpg?imwidth=750, //www.tods.com/fashion/tods/XCWTSC10100RORB015/XCWTSC10100RORB015-01.jpg?imwidth=475",https://www.tods.com/us-en/T-Timeless-Belt-in-Leather/p/XCWTSC10100RORB015/,WHITE,women_belts.html
